0.4454920291900635,0,record/0.png
0.6810519695281982,1,record/1.png
1.0388264656066895,2,record/2.png
1.2903790473937988,3,record/3.png
1.423952579498291,4,record/4.png
1.5534429550170898,5,record/5.png
1.6840648651123047,6,record/6.png
1.8215367794036865,7,record/7.png
1.9519896507263184,8,record/8.png
2.1226730346679688,9,record/9.png
2.2908971309661865,10,record/10.png
2.4212281703948975,11,record/11.png
2.5549421310424805,12,record/12.png
2.6869232654571533,13,record/13.png
2.8212573528289795,14,record/14.png
2.9518890380859375,15,record/15.png
3.105353832244873,16,record/16.png
3.2932724952697754,17,record/17.png
3.4246881008148193,18,record/18.png
3.69114351272583,19,record/19.png
3.819425582885742,20,record/20.png
3.9540679454803467,21,record/21.png
4.098066806793213,22,record/22.png
4.260220050811768,23,record/23.png
4.38750696182251,24,record/24.png
4.520051956176758,25,record/25.png
4.654338836669922,26,record/26.png
4.787155389785767,27,record/27.png
4.916974067687988,28,record/28.png
5.077591419219971,29,record/29.png
5.248974323272705,30,record/30.png
5.385294437408447,31,record/31.png
5.518087148666382,32,record/32.png
5.652139186859131,33,record/33.png
5.787957668304443,34,record/34.png
5.921484708786011,35,record/35.png
6.080723524093628,36,record/36.png
6.2480573654174805,37,record/37.png
6.411397218704224,38,record/38.png
6.549340009689331,39,record/39.png
6.68109655380249,40,record/40.png
6.817975282669067,41,record/41.png
6.95078182220459,42,record/42.png
7.088134527206421,43,record/43.png
7.2537009716033936,44,record/44.png
7.416632890701294,45,record/45.png
7.553432941436768,46,record/46.png
7.688743352890015,47,record/47.png
7.8222551345825195,48,record/48.png
7.950503587722778,49,record/49.png
8.086588859558105,50,record/50.png
8.247187376022339,51,record/51.png
8.414443254470825,52,record/52.png
8.538949966430664,53,record/53.png
8.684276103973389,54,record/54.png
8.917485475540161,55,record/55.png
9.047613620758057,56,record/56.png
9.183812618255615,57,record/57.png
9.344350814819336,58,record/58.png
9.483648538589478,59,record/59.png
9.613228559494019,60,record/60.png
9.752305269241333,61,record/61.png
9.88287878036499,62,record/62.png
10.023651123046875,63,record/63.png
10.192275047302246,64,record/64.png
10.318263053894043,65,record/65.png
10.451019287109375,66,record/66.png
10.588743448257446,67,record/67.png
10.716528177261353,68,record/68.png
10.859110832214355,69,record/69.png
11.02267575263977,70,record/70.png
11.149954319000244,71,record/71.png
11.287728786468506,72,record/72.png
11.424185752868652,73,record/73.png
11.551609516143799,74,record/74.png
11.682110071182251,75,record/75.png
11.852476596832275,76,record/76.png
11.983216762542725,77,record/77.png
12.115029096603394,78,record/78.png
12.24941611289978,79,record/79.png
12.383961915969849,80,record/80.png
12.519125938415527,81,record/81.png
12.699656963348389,82,record/82.png
12.81160569190979,83,record/83.png
12.945857048034668,84,record/84.png
13.084366083145142,85,record/85.png
13.219154834747314,86,record/86.png
13.352412223815918,87,record/87.png
13.502400398254395,88,record/88.png
13.680118799209595,89,record/89.png
13.81583833694458,90,record/90.png
13.951786041259766,91,record/91.png
14.098143339157104,92,record/92.png
14.218521118164062,93,record/93.png
14.346486806869507,94,record/94.png
14.482177019119263,95,record/95.png
14.651853561401367,96,record/96.png
14.787145853042603,97,record/97.png
14.917080402374268,98,record/98.png
15.047952890396118,99,record/99.png
15.182085752487183,100,record/100.png
15.31508994102478,101,record/101.png
15.485962629318237,102,record/102.png
15.615637302398682,103,record/103.png
15.754476547241211,104,record/104.png
15.879497051239014,105,record/105.png
16.01663374900818,106,record/106.png
16.152596473693848,107,record/107.png
16.333030939102173,108,record/108.png
16.60425043106079,109,record/109.png
16.852065086364746,110,record/110.png
17.089848518371582,111,record/111.png
17.258886337280273,112,record/112.png
17.50425434112549,113,record/113.png
17.672223329544067,114,record/114.png
17.923067331314087,115,record/115.png
18.158663034439087,116,record/116.png
18.320465803146362,117,record/117.png
18.4469096660614,118,record/118.png
18.853515148162842,119,record/119.png
19.093607664108276,120,record/120.png
19.275148630142212,121,record/121.png
19.38505268096924,122,record/122.png
19.51578187942505,123,record/123.png
19.650034427642822,124,record/124.png
19.783809900283813,125,record/125.png
19.953968286514282,126,record/126.png
20.089990854263306,127,record/127.png
20.218750476837158,128,record/128.png
20.349198579788208,129,record/129.png
20.483843564987183,130,record/130.png
20.61856460571289,131,record/131.png
20.787694454193115,132,record/132.png
20.91642689704895,133,record/133.png
21.049497365951538,134,record/134.png
21.183929681777954,135,record/135.png
21.31540083885193,136,record/136.png
21.450725555419922,137,record/137.png
21.619726419448853,138,record/138.png
21.750301122665405,139,record/139.png
21.898909091949463,140,record/140.png
22.0225088596344,141,record/141.png
22.150917530059814,142,record/142.png
22.282585620880127,143,record/143.png
22.45655632019043,144,record/144.png
22.6345317363739,145,record/145.png
22.817643642425537,146,record/146.png
22.978346347808838,147,record/147.png
23.12301802635193,148,record/148.png
23.24896001815796,149,record/149.png
23.3796808719635,150,record/150.png
23.517431020736694,151,record/151.png
23.653753995895386,152,record/152.png
23.823057413101196,153,record/153.png
23.954840898513794,154,record/154.png
24.088298797607422,155,record/155.png
24.218565940856934,156,record/156.png
24.3563334941864,157,record/157.png
24.484506845474243,158,record/158.png
24.653484582901,159,record/159.png
24.786860466003418,160,record/160.png
24.924181938171387,161,record/161.png
25.052917957305908,162,record/162.png
25.18657612800598,163,record/163.png
25.317464590072632,164,record/164.png
25.48380184173584,165,record/165.png
25.615992307662964,166,record/166.png
25.754974126815796,167,record/167.png
25.88361883163452,168,record/168.png
26.013665676116943,169,record/169.png
26.149798154830933,170,record/170.png
26.32090163230896,171,record/171.png
26.45456624031067,172,record/172.png
26.584969997406006,173,record/173.png
26.71445918083191,174,record/174.png
26.84805178642273,175,record/175.png
26.98258352279663,176,record/176.png
27.1154522895813,177,record/177.png
27.287319660186768,178,record/178.png
27.420153856277466,179,record/179.png
27.550280332565308,180,record/180.png
27.68015480041504,181,record/181.png
27.818200826644897,182,record/182.png
27.952465057373047,183,record/183.png
28.124139547348022,184,record/184.png
28.25697922706604,185,record/185.png
28.389793157577515,186,record/186.png
28.522972583770752,187,record/187.png
28.653761625289917,188,record/188.png
28.787684679031372,189,record/189.png
28.962186336517334,190,record/190.png
29.220369815826416,191,record/191.png
29.3560471534729,192,record/192.png
29.587252855300903,193,record/193.png
29.75965189933777,194,record/194.png
29.88978672027588,195,record/195.png
30.021766424179077,196,record/196.png
30.15685200691223,197,record/197.png
30.29003596305847,198,record/198.png
30.424900770187378,199,record/199.png
30.589936017990112,200,record/200.png
30.725409269332886,201,record/201.png
30.88736343383789,202,record/202.png
31.019737720489502,203,record/203.png
31.155824184417725,204,record/204.png
31.291134357452393,205,record/205.png
31.545605659484863,206,record/206.png
31.80594754219055,207,record/207.png
32.050554513931274,208,record/208.png
32.22746801376343,209,record/209.png
32.46158218383789,210,record/210.png
32.635119915008545,211,record/211.png
32.873788595199585,212,record/212.png
33.11170482635498,213,record/213.png
33.32913422584534,214,record/214.png
33.608997106552124,215,record/215.png
33.79019474983215,216,record/216.png
33.92675447463989,217,record/217.png
34.04839515686035,218,record/218.png
34.214508295059204,219,record/219.png
34.345431089401245,220,record/220.png
34.48389554023743,221,record/221.png
34.71963691711426,222,record/222.png
35.11369514465332,223,record/223.png
35.37762451171875,224,record/224.png
35.619030714035034,225,record/225.png
35.82037305831909,226,record/226.png
36.07101345062256,227,record/227.png
36.22060585021973,228,record/228.png
36.47519588470459,229,record/229.png
36.655752182006836,230,record/230.png
36.90533638000488,231,record/231.png
37.08769083023071,232,record/232.png
37.22416615486145,233,record/233.png
37.353864431381226,234,record/234.png
37.48903822898865,235,record/235.png
37.623451232910156,236,record/236.png
37.793986797332764,237,record/237.png
37.92181324958801,238,record/238.png
38.05542469024658,239,record/239.png
38.184277296066284,240,record/240.png
38.316224813461304,241,record/241.png
38.44789147377014,242,record/242.png
38.62092733383179,243,record/243.png
38.75426244735718,244,record/244.png
38.881481409072876,245,record/245.png
39.01700162887573,246,record/246.png
39.15450477600098,247,record/247.png
39.28500771522522,248,record/248.png
39.42229151725769,249,record/249.png
39.56150197982788,250,record/250.png
39.6850950717926,251,record/251.png
39.833526849746704,252,record/252.png
39.95521950721741,253,record/253.png
40.09359693527222,254,record/254.png
40.214553356170654,255,record/255.png
40.38186049461365,256,record/256.png
40.51504445075989,257,record/257.png
40.64927268028259,258,record/258.png
40.784730434417725,259,record/259.png
40.92431569099426,260,record/260.png
41.059327602386475,261,record/261.png
41.22634506225586,262,record/262.png
41.35913276672363,263,record/263.png
41.49214053153992,264,record/264.png
41.62597680091858,265,record/265.png
41.762240171432495,266,record/266.png
41.88826656341553,267,record/267.png
42.02623772621155,268,record/268.png
42.154667139053345,269,record/269.png
42.28691482543945,270,record/270.png
42.42112135887146,271,record/271.png
42.5515341758728,272,record/272.png
42.681097745895386,273,record/273.png
42.84522485733032,274,record/274.png
42.981422901153564,275,record/275.png
43.14896035194397,276,record/276.png
43.260663747787476,277,record/277.png
43.387978315353394,278,record/278.png
43.524378538131714,279,record/279.png
43.67909502983093,280,record/280.png
43.776495933532715,281,record/281.png
43.87865090370178,282,record/282.png
44.015830516815186,283,record/283.png
44.15256214141846,284,record/284.png
44.28718876838684,285,record/285.png
44.45219898223877,286,record/286.png
44.58815836906433,287,record/287.png
44.721389055252075,288,record/288.png
44.84954905509949,289,record/289.png
44.9875864982605,290,record/290.png
45.12032747268677,291,record/291.png
45.295310974121094,292,record/292.png
45.4249541759491,293,record/293.png
45.55177402496338,294,record/294.png
45.68898034095764,295,record/295.png
45.82785511016846,296,record/296.png
45.95627236366272,297,record/297.png
46.124576807022095,298,record/298.png
46.26119565963745,299,record/299.png
46.38724660873413,300,record/300.png
46.491799116134644,301,record/301.png
46.62756371498108,302,record/302.png
46.761969327926636,303,record/303.png
46.92670202255249,304,record/304.png
47.06192445755005,305,record/305.png
47.190245151519775,306,record/306.png
47.321391344070435,307,record/307.png
47.45525670051575,308,record/308.png
47.58794283866882,309,record/309.png
47.752978801727295,310,record/310.png
47.921475648880005,311,record/311.png
48.090198040008545,312,record/312.png
48.22366786003113,313,record/313.png
48.352802753448486,314,record/314.png
48.48737359046936,315,record/315.png
48.62194752693176,316,record/316.png
48.75971293449402,317,record/317.png
48.92504572868347,318,record/318.png
49.0505588054657,319,record/319.png
49.185333490371704,320,record/320.png
49.323286056518555,321,record/321.png
49.44993209838867,322,record/322.png
49.58895921707153,323,record/323.png
49.75574707984924,324,record/324.png
49.88767123222351,325,record/325.png
50.01729083061218,326,record/326.png
50.1554434299469,327,record/327.png
50.28999328613281,328,record/328.png
50.43013834953308,329,record/329.png
50.603806495666504,330,record/330.png
50.758389472961426,331,record/331.png
50.88951396942139,332,record/332.png
51.02290391921997,333,record/333.png
51.155232191085815,334,record/334.png
51.28818392753601,335,record/335.png
51.46154713630676,336,record/336.png
51.59296703338623,337,record/337.png
51.72321820259094,338,record/338.png
51.95602059364319,339,record/339.png
52.093276500701904,340,record/340.png
52.26535224914551,341,record/341.png
52.388883113861084,342,record/342.png
52.52454400062561,343,record/343.png
52.69189453125,344,record/344.png
52.825472831726074,345,record/345.png
52.95782494544983,346,record/346.png
53.13630270957947,347,record/347.png
53.29414916038513,348,record/348.png
53.42556548118591,349,record/349.png
53.55698275566101,350,record/350.png
53.689210414886475,351,record/351.png
53.82287955284119,352,record/352.png
53.95755958557129,353,record/353.png
54.132668018341064,354,record/354.png
54.25958490371704,355,record/355.png
54.39055418968201,356,record/356.png
54.52078175544739,357,record/357.png
54.6603569984436,358,record/358.png
54.78904438018799,359,record/359.png
54.928932905197144,360,record/360.png
55.056825399398804,361,record/361.png
55.186373472213745,362,record/362.png
55.3520781993866,363,record/363.png
55.48657536506653,364,record/364.png
55.621289014816284,365,record/365.png
55.791070222854614,366,record/366.png
55.92644929885864,367,record/367.png
56.05282378196716,368,record/368.png
56.18523168563843,369,record/369.png
56.31730055809021,370,record/370.png
56.45369219779968,371,record/371.png
56.630600452423096,372,record/372.png
56.753666162490845,373,record/373.png
56.88269805908203,374,record/374.png
57.019928216934204,375,record/375.png
57.15384483337402,376,record/376.png
57.28913974761963,377,record/377.png
57.46002769470215,378,record/378.png
57.591442823410034,379,record/379.png
57.72444009780884,380,record/380.png
57.85244679450989,381,record/381.png
57.98711013793945,382,record/382.png
58.120177268981934,383,record/383.png
58.26172065734863,384,record/384.png
58.42660427093506,385,record/385.png
58.55213284492493,386,record/386.png
58.78330206871033,387,record/387.png
58.920663833618164,388,record/388.png
59.05279207229614,389,record/389.png
59.20617914199829,390,record/390.png
59.39026403427124,391,record/391.png
59.5126690864563,392,record/392.png
59.61690878868103,393,record/393.png
59.75487685203552,394,record/394.png
59.88608384132385,395,record/395.png
60.01875042915344,396,record/396.png
60.14841175079346,397,record/397.png
60.314685106277466,398,record/398.png
60.45348358154297,399,record/399.png
60.59026265144348,400,record/400.png
60.71851682662964,401,record/401.png
60.861422300338745,402,record/402.png
60.97870135307312,403,record/403.png
61.09141707420349,404,record/404.png
61.25110602378845,405,record/405.png
61.383784770965576,406,record/406.png
61.61845779418945,407,record/407.png
61.78468179702759,408,record/408.png
62.1244375705719,409,record/409.png
62.366299629211426,410,record/410.png
62.55189633369446,411,record/411.png
62.690980195999146,412,record/412.png
62.914379358291626,413,record/413.png
63.059563875198364,414,record/414.png
63.320696115493774,415,record/415.png
63.47145962715149,416,record/416.png
64.02487397193909,417,record/417.png
64.1562066078186,418,record/418.png
64.42042636871338,419,record/419.png
64.65287494659424,420,record/420.png
64.88725137710571,421,record/421.png
65.17527770996094,422,record/422.png
65.40346336364746,423,record/423.png
65.55828285217285,424,record/424.png
65.78307700157166,425,record/425.png
65.93774247169495,426,record/426.png
66.18688797950745,427,record/427.png
66.27819752693176,428,record/428.png
66.38383793830872,429,record/429.png
66.5993058681488,430,record/430.png
66.83375763893127,431,record/431.png
67.07844567298889,432,record/432.png
67.32985305786133,433,record/433.png
67.47590708732605,434,record/434.png
67.80257678031921,435,record/435.png
68.04441785812378,436,record/436.png
68.14958763122559,437,record/437.png
68.2962417602539,438,record/438.png
68.46099257469177,439,record/439.png
68.59031796455383,440,record/440.png
68.72301077842712,441,record/441.png
68.85589623451233,442,record/442.png
68.98366045951843,443,record/443.png
69.11761665344238,444,record/444.png
69.28576946258545,445,record/445.png
69.421058177948,446,record/446.png
69.54900455474854,447,record/447.png
69.68186020851135,448,record/448.png
69.81518244743347,449,record/449.png
69.92046213150024,450,record/450.png
70.08634805679321,451,record/451.png
70.25903034210205,452,record/452.png
70.42844772338867,453,record/453.png
70.55596137046814,454,record/454.png
70.69003224372864,455,record/455.png
70.84409260749817,456,record/456.png
71.09401512145996,457,record/457.png
71.26074719429016,458,record/458.png
71.49515867233276,459,record/459.png
71.62386393547058,460,record/460.png
71.75767731666565,461,record/461.png
71.89018177986145,462,record/462.png
72.02149963378906,463,record/463.png
72.15793061256409,464,record/464.png
72.32128810882568,465,record/465.png
72.45803809165955,466,record/466.png
72.59141564369202,467,record/467.png
72.72426271438599,468,record/468.png
72.86314535140991,469,record/469.png
72.99291110038757,470,record/470.png
73.15911602973938,471,record/471.png
73.28900480270386,472,record/472.png
73.42776823043823,473,record/473.png
73.5584557056427,474,record/474.png
73.6899299621582,475,record/475.png
73.82141518592834,476,record/476.png
73.99277830123901,477,record/477.png
74.15688347816467,478,record/478.png
74.28146958351135,479,record/479.png
74.41576147079468,480,record/480.png
74.55295467376709,481,record/481.png
74.68766379356384,482,record/482.png
74.81875562667847,483,record/483.png
74.95462155342102,484,record/484.png
75.12706136703491,485,record/485.png
75.2563271522522,486,record/486.png
75.38693690299988,487,record/487.png
75.51856970787048,488,record/488.png
75.6621356010437,489,record/489.png
75.78398108482361,490,record/490.png
75.95183730125427,491,record/491.png
76.20614361763,492,record/492.png
76.31750750541687,493,record/493.png
76.45196986198425,494,record/494.png
76.58786463737488,495,record/495.png
76.71878385543823,496,record/496.png
76.85341477394104,497,record/497.png
77.01815676689148,498,record/498.png
77.15487456321716,499,record/499.png
77.28617835044861,500,record/500.png
77.42672324180603,501,record/501.png
77.549809217453,502,record/502.png
77.6850974559784,503,record/503.png
77.83105182647705,504,record/504.png
77.9869921207428,505,record/505.png
78.15709233283997,506,record/506.png
78.28998470306396,507,record/507.png
78.43035173416138,508,record/508.png
78.55927109718323,509,record/509.png
78.68929171562195,510,record/510.png
78.872150182724,511,record/511.png
79.02088499069214,512,record/512.png
79.15442943572998,513,record/513.png
79.28513145446777,514,record/514.png
79.42529678344727,515,record/515.png
79.55394101142883,516,record/516.png
79.72341108322144,517,record/517.png
79.85674023628235,518,record/518.png
79.98606133460999,519,record/519.png
80.11958718299866,520,record/520.png
80.25831174850464,521,record/521.png
80.38978624343872,522,record/522.png
80.5589690208435,523,record/523.png
80.68749690055847,524,record/524.png
80.82155346870422,525,record/525.png
80.95044827461243,526,record/526.png
81.18550205230713,527,record/527.png
81.32359552383423,528,record/528.png
81.47035312652588,529,record/529.png
81.58987331390381,530,record/530.png
81.72119545936584,531,record/531.png
81.85356950759888,532,record/532.png
81.98720121383667,533,record/533.png
82.1205186843872,534,record/534.png
82.28959512710571,535,record/535.png
82.42233037948608,536,record/536.png
82.55268335342407,537,record/537.png
82.68608593940735,538,record/538.png
82.82567095756531,539,record/539.png
82.95832562446594,540,record/540.png
83.17451405525208,541,record/541.png
83.29157900810242,542,record/542.png
83.43231868743896,543,record/543.png
83.56112933158875,544,record/544.png
83.69410061836243,545,record/545.png
83.82555532455444,546,record/546.png
83.99169278144836,547,record/547.png
84.12028574943542,548,record/548.png
84.25540208816528,549,record/549.png
84.38735842704773,550,record/550.png
84.52145290374756,551,record/551.png
84.6580958366394,552,record/552.png
84.83000659942627,553,record/553.png
84.99183750152588,554,record/554.png
85.1203179359436,555,record/555.png
85.25622057914734,556,record/556.png
85.39386034011841,557,record/557.png
85.52851366996765,558,record/558.png
85.65769624710083,559,record/559.png
85.82090544700623,560,record/560.png
85.95409440994263,561,record/561.png
86.09467554092407,562,record/562.png
86.21562194824219,563,record/563.png
86.32002449035645,564,record/564.png
86.45100808143616,565,record/565.png
86.60083365440369,566,record/566.png
86.73407340049744,567,record/567.png
86.85562658309937,568,record/568.png
86.98428797721863,569,record/569.png
87.12037777900696,570,record/570.png
87.2606189250946,571,record/571.png
87.39086580276489,572,record/572.png
87.58137798309326,573,record/573.png
87.75289463996887,574,record/574.png
87.92145204544067,575,record/575.png
88.0540246963501,576,record/576.png
88.18562579154968,577,record/577.png
88.31723856925964,578,record/578.png
88.41949915885925,579,record/579.png
88.55770373344421,580,record/580.png
88.68760633468628,581,record/581.png
88.85002160072327,582,record/582.png
88.9835832118988,583,record/583.png
89.11822271347046,584,record/584.png
89.25752973556519,585,record/585.png
89.38896703720093,586,record/586.png
89.52620792388916,587,record/587.png
89.67181468009949,588,record/588.png
89.8175733089447,589,record/589.png
89.92309761047363,590,record/590.png
90.05975770950317,591,record/591.png
90.26014351844788,592,record/592.png
90.45770931243896,593,record/593.png
90.69125318527222,594,record/594.png
91.78151893615723,595,record/595.png
92.18268322944641,596,record/596.png
92.49348092079163,597,record/597.png
92.82551527023315,598,record/598.png
93.21998000144958,599,record/599.png
93.39090585708618,600,record/600.png
93.53121829032898,601,record/601.png
93.65917587280273,602,record/602.png
93.79166889190674,603,record/603.png
93.96206068992615,604,record/604.png
94.09258270263672,605,record/605.png
94.22807741165161,606,record/606.png
94.35681056976318,607,record/607.png
94.49019980430603,608,record/608.png
94.62378430366516,609,record/609.png
94.79323053359985,610,record/610.png
94.9278998374939,611,record/611.png
95.05823516845703,612,record/612.png
95.19047355651855,613,record/613.png
95.3230938911438,614,record/614.png
95.4583842754364,615,record/615.png
95.62572813034058,616,record/616.png
95.75712704658508,617,record/617.png
95.98361206054688,618,record/618.png
96.11904239654541,619,record/619.png
96.2596755027771,620,record/620.png
96.4211037158966,621,record/621.png
96.55107688903809,622,record/622.png
96.68502235412598,623,record/623.png
96.8184163570404,624,record/624.png
96.95385527610779,625,record/625.png
97.09367775917053,626,record/626.png
97.25399875640869,627,record/627.png
97.4232006072998,628,record/628.png
97.58470678329468,629,record/629.png
97.75170421600342,630,record/630.png
97.88256049156189,631,record/631.png
98.01846218109131,632,record/632.png
98.1548581123352,633,record/633.png
98.2865104675293,634,record/634.png
98.42362761497498,635,record/635.png
98.56514191627502,636,record/636.png
98.71932983398438,637,record/637.png
98.85531330108643,638,record/638.png
98.9878408908844,639,record/639.png
99.11532163619995,640,record/640.png
99.25762724876404,641,record/641.png
99.41951894760132,642,record/642.png
99.55648374557495,643,record/643.png
99.69182562828064,644,record/644.png
99.82523608207703,645,record/645.png
99.95746755599976,646,record/646.png
100.09348392486572,647,record/647.png
100.22509765625,648,record/648.png
100.39247131347656,649,record/649.png
100.52651500701904,650,record/650.png
100.65805315971375,651,record/651.png
100.79428172111511,652,record/652.png
101.0219886302948,653,record/653.png
101.15599489212036,654,record/654.png
101.32049870491028,655,record/655.png
101.45368552207947,656,record/656.png
101.59864640235901,657,record/657.png
101.71949791908264,658,record/658.png
101.85570812225342,659,record/659.png
101.98588728904724,660,record/660.png
102.15593409538269,661,record/661.png
102.29279446601868,662,record/662.png
102.43089127540588,663,record/663.png
102.56303930282593,664,record/664.png
102.69208598136902,665,record/665.png
102.82595300674438,666,record/666.png
102.99238777160645,667,record/667.png
103.12691688537598,668,record/668.png
103.26398372650146,669,record/669.png
103.38351130485535,670,record/670.png
103.50207018852234,671,record/671.png
103.66409540176392,672,record/672.png
103.82323908805847,673,record/673.png
103.95974636077881,674,record/674.png
104.15353035926819,675,record/675.png
104.29665780067444,676,record/676.png
104.42853379249573,677,record/677.png
104.59516406059265,678,record/678.png
104.7254056930542,679,record/679.png
104.86259150505066,680,record/680.png
104.99322938919067,681,record/681.png
105.125483751297,682,record/682.png
105.2624089717865,683,record/683.png
105.42982769012451,684,record/684.png
105.56071400642395,685,record/685.png
105.69385123252869,686,record/686.png
105.8278374671936,687,record/687.png
106.06065678596497,688,record/688.png
106.22825503349304,689,record/689.png
106.36089015007019,690,record/690.png
106.59643769264221,691,record/691.png
106.85681533813477,692,record/692.png
107.19255042076111,693,record/693.png
107.43372058868408,694,record/694.png
107.60458016395569,695,record/695.png
107.84641194343567,696,record/696.png
108.07673072814941,697,record/697.png
108.30302214622498,698,record/698.png
108.59829235076904,699,record/699.png
108.75105953216553,700,record/700.png
108.8577139377594,701,record/701.png
108.99521040916443,702,record/702.png
109.12426805496216,703,record/703.png
109.29933381080627,704,record/704.png
109.46503281593323,705,record/705.png
109.59631299972534,706,record/706.png
109.72902536392212,707,record/707.png
109.86014246940613,708,record/708.png
109.99341082572937,709,record/709.png
110.1924250125885,710,record/710.png
110.36748266220093,711,record/711.png
110.52617311477661,712,record/712.png
110.65988874435425,713,record/713.png
110.79247665405273,714,record/714.png
110.93234825134277,715,record/715.png
111.06203699111938,716,record/716.png
111.19384407997131,717,record/717.png
111.36523652076721,718,record/718.png
111.49499988555908,719,record/719.png
111.62961149215698,720,record/720.png
111.78091287612915,721,record/721.png
111.92960667610168,722,record/722.png
112.06144571304321,723,record/723.png
112.24425268173218,724,record/724.png
112.36044430732727,725,record/725.png
112.49353289604187,726,record/726.png
112.62651824951172,727,record/727.png
112.76215815544128,728,record/728.png
112.89210200309753,729,record/729.png
113.0597333908081,730,record/730.png
113.19258642196655,731,record/731.png
113.32434701919556,732,record/732.png
113.45834708213806,733,record/733.png
113.72633147239685,734,record/734.png
113.93933510780334,735,record/735.png
114.06279063224792,736,record/736.png
114.18567085266113,737,record/737.png
114.32309317588806,738,record/738.png
114.45137333869934,739,record/739.png
114.59190511703491,740,record/740.png
114.75862836837769,741,record/741.png
114.89301204681396,742,record/742.png
115.0225281715393,743,record/743.png
115.15449786186218,744,record/744.png
115.28729462623596,745,record/745.png
115.42943859100342,746,record/746.png
115.8135027885437,747,record/747.png
115.96298217773438,748,record/748.png
116.22793745994568,749,record/749.png
116.45796513557434,750,record/750.png
116.70020651817322,751,record/751.png
116.92808794975281,752,record/752.png
117.22866988182068,753,record/753.png
117.64505934715271,754,record/754.png
117.81953740119934,755,record/755.png
117.96906995773315,756,record/756.png
118.13082122802734,757,record/757.png
118.26133751869202,758,record/758.png
118.39380550384521,759,record/759.png
118.63033103942871,760,record/760.png
118.96180868148804,761,record/761.png
119.22928643226624,762,record/762.png
119.35916662216187,763,record/763.png
119.49404525756836,764,record/764.png
119.8414237499237,765,record/765.png
120.08720421791077,766,record/766.png
120.23585629463196,767,record/767.png
120.4862129688263,768,record/768.png
120.97692251205444,769,record/769.png
121.10137248039246,770,record/770.png
121.32652020454407,771,record/771.png
121.45925521850586,772,record/772.png
122.00338578224182,773,record/773.png
122.2652428150177,774,record/774.png
122.58314085006714,775,record/775.png
122.68840336799622,776,record/776.png
122.89317011833191,777,record/777.png
123.02619695663452,778,record/778.png
123.16105127334595,779,record/779.png
123.29405164718628,780,record/780.png
123.42896747589111,781,record/781.png
123.55880069732666,782,record/782.png
123.82927441596985,783,record/783.png
123.9620041847229,784,record/784.png
124.09565210342407,785,record/785.png
124.22722053527832,786,record/786.png
124.36598229408264,787,record/787.png
124.49087524414062,788,record/788.png
124.65267276763916,789,record/789.png
124.81271553039551,790,record/790.png
124.95813322067261,791,record/791.png
125.09457111358643,792,record/792.png
125.21979403495789,793,record/793.png
125.35239934921265,794,record/794.png
125.48424100875854,795,record/795.png
125.65490794181824,796,record/796.png
125.79305696487427,797,record/797.png
125.92796397209167,798,record/798.png
126.05584955215454,799,record/799.png
126.18733930587769,800,record/800.png
126.32163190841675,801,record/801.png
126.41925716400146,802,record/802.png
126.55142879486084,803,record/803.png
126.69070315361023,804,record/804.png
126.82680106163025,805,record/805.png
126.96080446243286,806,record/806.png
127.09500050544739,807,record/807.png
127.21907806396484,808,record/808.png
127.38376450538635,809,record/809.png
127.52078890800476,810,record/810.png
127.65494561195374,811,record/811.png
127.82905340194702,812,record/812.png
127.96133828163147,813,record/813.png
128.09821224212646,814,record/814.png
128.2667052745819,815,record/815.png
128.46713423728943,816,record/816.png
128.59918546676636,817,record/817.png
128.8281273841858,818,record/818.png
128.96229791641235,819,record/819.png
129.10146403312683,820,record/820.png
129.26824307441711,821,record/821.png
129.39569401741028,822,record/822.png
129.5300145149231,823,record/823.png
129.69102025032043,824,record/824.png
129.82399606704712,825,record/825.png
129.95561981201172,826,record/826.png
130.13124656677246,827,record/827.png
130.25894904136658,828,record/828.png
130.38700580596924,829,record/829.png
130.52007246017456,830,record/830.png
130.66025805473328,831,record/831.png
130.79122853279114,832,record/832.png
130.96642780303955,833,record/833.png
131.09578275680542,834,record/834.png
131.22705602645874,835,record/835.png
131.35679531097412,836,record/836.png
131.49181532859802,837,record/837.png
131.6251323223114,838,record/838.png
131.78965044021606,839,record/839.png
131.9260950088501,840,record/840.png
132.05526185035706,841,record/841.png
132.18660259246826,842,record/842.png
132.32804822921753,843,record/843.png
132.46294689178467,844,record/844.png
132.62685251235962,845,record/845.png
132.76316452026367,846,record/846.png
132.89498949050903,847,record/847.png
133.02482318878174,848,record/848.png
133.15901923179626,849,record/849.png
133.2952573299408,850,record/850.png
133.46741771697998,851,record/851.png
133.59703516960144,852,record/852.png
133.79716396331787,853,record/853.png
133.9301369190216,854,record/854.png
134.0628514289856,855,record/855.png
134.19235754013062,856,record/856.png
134.36265873908997,857,record/857.png
134.48911595344543,858,record/858.png
134.62837743759155,859,record/859.png
134.76437664031982,860,record/860.png
134.89616441726685,861,record/861.png
135.0258824825287,862,record/862.png
135.16410946846008,863,record/863.png
135.29297256469727,864,record/864.png
135.42633271217346,865,record/865.png
135.55292320251465,866,record/866.png
135.69483876228333,867,record/867.png
135.82776641845703,868,record/868.png
135.9681327342987,869,record/869.png
136.13999915122986,870,record/870.png
136.2631232738495,871,record/871.png
136.51157975196838,872,record/872.png
136.65602731704712,873,record/873.png
136.86335468292236,874,record/874.png
137.16181302070618,875,record/875.png
137.32539296150208,876,record/876.png
137.55717945098877,877,record/877.png
137.75771307945251,878,record/878.png
137.99693512916565,879,record/879.png
138.2694411277771,880,record/880.png
138.5000057220459,881,record/881.png
138.99252343177795,882,record/882.png
139.22628021240234,883,record/883.png
139.38558793067932,884,record/884.png
139.49099469184875,885,record/885.png
139.62297248840332,886,record/886.png
139.757652759552,887,record/887.png
139.8868477344513,888,record/888.png
140.02345275878906,889,record/889.png
140.19017243385315,890,record/890.png
140.34144067764282,891,record/891.png
140.45210552215576,892,record/892.png
140.556640625,893,record/893.png
140.69187808036804,894,record/894.png
140.8265507221222,895,record/895.png
140.9628667831421,896,record/896.png
141.12597632408142,897,record/897.png
141.26099729537964,898,record/898.png
141.39067792892456,899,record/899.png
141.52404165267944,900,record/900.png
141.66139316558838,901,record/901.png
141.7887420654297,902,record/902.png
141.95904850959778,903,record/903.png
142.09954142570496,904,record/904.png
142.22780656814575,905,record/905.png
142.3569531440735,906,record/906.png
142.48631715774536,907,record/907.png
142.61547780036926,908,record/908.png
142.71911334991455,909,record/909.png
142.88745522499084,910,record/910.png
143.01982593536377,911,record/911.png
143.16371202468872,912,record/912.png
143.29229760169983,913,record/913.png
143.42791748046875,914,record/914.png
143.55129551887512,915,record/915.png
143.7169647216797,916,record/916.png
143.85349535942078,917,record/917.png
143.99120211601257,918,record/918.png
144.12403917312622,919,record/919.png
144.26323747634888,920,record/920.png
144.39242339134216,921,record/921.png
144.56030464172363,922,record/922.png
144.6924467086792,923,record/923.png
144.82891273498535,924,record/924.png
144.96050715446472,925,record/925.png
145.09440732002258,926,record/926.png
145.2260136604309,927,record/927.png
145.39581847190857,928,record/928.png
145.5930619239807,929,record/929.png
145.7262086868286,930,record/930.png
145.85672450065613,931,record/931.png
145.99114680290222,932,record/932.png
146.1236801147461,933,record/933.png
146.2965657711029,934,record/934.png
146.43222403526306,935,record/935.png
146.5605821609497,936,record/936.png
146.69304847717285,937,record/937.png
146.823805809021,938,record/938.png
146.96107506752014,939,record/939.png
147.11278581619263,940,record/940.png
147.26232385635376,941,record/941.png
147.39282608032227,942,record/942.png
147.52819800376892,943,record/943.png
147.65965747833252,944,record/944.png
147.79319190979004,945,record/945.png
147.99379539489746,946,record/946.png
148.1329436302185,947,record/947.png
148.26594305038452,948,record/948.png
148.38876605033875,949,record/949.png
148.49735736846924,950,record/950.png
148.62527775764465,951,record/951.png
148.75569605827332,952,record/952.png
148.91757822036743,953,record/953.png
149.05245423316956,954,record/954.png
149.18941688537598,955,record/955.png
149.3270423412323,956,record/956.png
149.45945191383362,957,record/957.png
149.59595894813538,958,record/958.png
149.72788429260254,959,record/959.png
149.88722920417786,960,record/960.png
150.02806186676025,961,record/961.png
150.16131687164307,962,record/962.png
150.29746294021606,963,record/963.png
150.4232861995697,964,record/964.png
150.55759835243225,965,record/965.png
150.72246313095093,966,record/966.png
150.85391879081726,967,record/967.png
150.9885003566742,968,record/968.png
151.12373328208923,969,record/969.png
151.25944805145264,970,record/970.png
151.3878195285797,971,record/971.png
151.60864305496216,972,record/972.png
151.83791661262512,973,record/973.png
152.08110213279724,974,record/974.png
152.2481348514557,975,record/975.png
152.49669861793518,976,record/976.png
152.67141675949097,977,record/977.png
152.99307775497437,978,record/978.png
153.23168063163757,979,record/979.png
153.456796169281,980,record/980.png
153.6553339958191,981,record/981.png
153.89861249923706,982,record/982.png
154.0641450881958,983,record/983.png
154.1954255104065,984,record/984.png
154.33119249343872,985,record/985.png
154.46066546440125,986,record/986.png
154.68498134613037,987,record/987.png
154.92553114891052,988,record/988.png
155.16758918762207,989,record/989.png
155.42497062683105,990,record/990.png
155.66708326339722,991,record/991.png
155.86139678955078,992,record/992.png
156.1192502975464,993,record/993.png
156.32463836669922,994,record/994.png
156.55674648284912,995,record/995.png
156.79794144630432,996,record/996.png
156.97586750984192,997,record/997.png
157.2043673992157,998,record/998.png
157.32156491279602,999,record/999.png
157.5735263824463,1000,record/1000.png
157.8044879436493,1001,record/1001.png
157.9411220550537,1002,record/1002.png
158.1799955368042,1003,record/1003.png
158.42069625854492,1004,record/1004.png
158.671701669693,1005,record/1005.png
158.83897948265076,1006,record/1006.png
159.02281045913696,1007,record/1007.png
159.25982928276062,1008,record/1008.png
159.4576621055603,1009,record/1009.png
159.69275450706482,1010,record/1010.png
159.8248152732849,1011,record/1011.png
160.07070398330688,1012,record/1012.png
160.26543641090393,1013,record/1013.png
160.39446711540222,1014,record/1014.png
160.52196216583252,1015,record/1015.png
160.65387153625488,1016,record/1016.png
160.92532086372375,1017,record/1017.png
161.06082344055176,1018,record/1018.png
161.19444632530212,1019,record/1019.png
161.32779169082642,1020,record/1020.png
161.4544062614441,1021,record/1021.png
161.59121918678284,1022,record/1022.png
161.7552547454834,1023,record/1023.png
161.91868901252747,1024,record/1024.png
162.05692386627197,1025,record/1025.png
162.187890291214,1026,record/1026.png
162.3255898952484,1027,record/1027.png
162.45537757873535,1028,record/1028.png
162.58875846862793,1029,record/1029.png
162.6990978717804,1030,record/1030.png
162.82991218566895,1031,record/1031.png
162.96121764183044,1032,record/1032.png
163.09905171394348,1033,record/1033.png
163.23155212402344,1034,record/1034.png
163.36172318458557,1035,record/1035.png
163.501158952713,1036,record/1036.png
163.63176584243774,1037,record/1037.png
163.7686789035797,1038,record/1038.png
163.89737629890442,1039,record/1039.png
164.0296630859375,1040,record/1040.png
164.16026759147644,1041,record/1041.png
164.29844760894775,1042,record/1042.png
164.43307900428772,1043,record/1043.png
164.55981469154358,1044,record/1044.png
164.69467735290527,1045,record/1045.png
164.89170050621033,1046,record/1046.png
165.02857065200806,1047,record/1047.png
165.19626927375793,1048,record/1048.png
165.3280303478241,1049,record/1049.png
165.46087431907654,1050,record/1050.png
165.59898972511292,1051,record/1051.png
165.72700572013855,1052,record/1052.png
166.0144157409668,1053,record/1053.png
166.12776279449463,1054,record/1054.png
166.26438999176025,1055,record/1055.png
166.39485216140747,1056,record/1056.png
166.52826809883118,1057,record/1057.png
166.66080689430237,1058,record/1058.png
166.82966327667236,1059,record/1059.png
166.95509552955627,1060,record/1060.png
167.09140753746033,1061,record/1061.png
167.222265958786,1062,record/1062.png
167.35870003700256,1063,record/1063.png
167.48893427848816,1064,record/1064.png
167.64757561683655,1065,record/1065.png
167.76034998893738,1066,record/1066.png
167.88987040519714,1067,record/1067.png
168.024316072464,1068,record/1068.png
168.16224837303162,1069,record/1069.png
168.29373693466187,1070,record/1070.png
168.46730303764343,1071,record/1071.png
168.6035647392273,1072,record/1072.png
168.72854614257812,1073,record/1073.png
168.86044454574585,1074,record/1074.png
168.99391412734985,1075,record/1075.png
169.12920451164246,1076,record/1076.png
169.27552103996277,1077,record/1077.png
169.42824959754944,1078,record/1078.png
169.52921986579895,1079,record/1079.png
169.66379404067993,1080,record/1080.png
169.79800844192505,1081,record/1081.png
169.93484735488892,1082,record/1082.png
170.06340432167053,1083,record/1083.png
170.2372968196869,1084,record/1084.png
170.36398649215698,1085,record/1085.png
170.4964623451233,1086,record/1086.png
170.63127517700195,1087,record/1087.png
170.76531100273132,1088,record/1088.png
171.04145574569702,1089,record/1089.png
171.16270661354065,1090,record/1090.png
171.29616928100586,1091,record/1091.png
171.4351999759674,1092,record/1092.png
171.60150957107544,1093,record/1093.png
171.7671296596527,1094,record/1094.png
171.9325008392334,1095,record/1095.png
172.0642204284668,1096,record/1096.png
172.1953194141388,1097,record/1097.png
172.33200025558472,1098,record/1098.png
172.46244502067566,1099,record/1099.png
172.5997223854065,1100,record/1100.png
172.7669129371643,1101,record/1101.png
172.89862298965454,1102,record/1102.png
173.03047585487366,1103,record/1103.png
173.16407799720764,1104,record/1104.png
173.29683256149292,1105,record/1105.png
173.4355320930481,1106,record/1106.png
173.6040301322937,1107,record/1107.png
173.7294306755066,1108,record/1108.png
173.86382508277893,1109,record/1109.png
173.9970896244049,1110,record/1110.png
174.13031101226807,1111,record/1111.png
174.26627659797668,1112,record/1112.png
174.44320058822632,1113,record/1113.png
174.59920406341553,1114,record/1114.png
174.73633313179016,1115,record/1115.png
174.86409306526184,1116,record/1116.png
174.9956977367401,1117,record/1117.png
175.13183999061584,1118,record/1118.png
175.3018021583557,1119,record/1119.png
175.4338595867157,1120,record/1120.png
175.56578516960144,1121,record/1121.png
175.6972463130951,1122,record/1122.png
175.83002972602844,1123,record/1123.png
176.11211276054382,1124,record/1124.png
176.23008584976196,1125,record/1125.png
176.3653290271759,1126,record/1126.png
176.50034141540527,1127,record/1127.png
176.6310591697693,1128,record/1128.png
176.76552939414978,1129,record/1129.png
176.94798350334167,1130,record/1130.png
177.0668363571167,1131,record/1131.png
177.19830465316772,1132,record/1132.png
177.33276629447937,1133,record/1133.png
177.4634268283844,1134,record/1134.png
177.60179901123047,1135,record/1135.png
177.77522897720337,1136,record/1136.png
177.90014362335205,1137,record/1137.png
178.03403449058533,1138,record/1138.png
178.16366982460022,1139,record/1139.png
178.29848074913025,1140,record/1140.png
178.43264508247375,1141,record/1141.png
178.56933856010437,1142,record/1142.png
178.69771528244019,1143,record/1143.png
178.8308653831482,1144,record/1144.png
178.96053791046143,1145,record/1145.png
179.0657091140747,1146,record/1146.png
179.1982102394104,1147,record/1147.png
179.33137226104736,1148,record/1148.png
179.48371148109436,1149,record/1149.png
179.63050723075867,1150,record/1150.png
179.7681062221527,1151,record/1151.png
179.89585757255554,1152,record/1152.png
180.02911710739136,1153,record/1153.png
180.1641285419464,1154,record/1154.png
180.33010625839233,1155,record/1155.png
180.46413803100586,1156,record/1156.png
180.59977316856384,1157,record/1157.png
180.73049139976501,1158,record/1158.png
180.86359882354736,1159,record/1159.png
181.03034162521362,1160,record/1160.png
181.19560194015503,1161,record/1161.png
181.32844424247742,1162,record/1162.png
181.56412363052368,1163,record/1163.png
181.73161721229553,1164,record/1164.png
181.99310994148254,1165,record/1165.png
182.1933445930481,1166,record/1166.png
182.53981828689575,1167,record/1167.png
182.7760829925537,1168,record/1168.png
182.94441413879395,1169,record/1169.png
183.18128538131714,1170,record/1170.png
183.33747720718384,1171,record/1171.png
183.57890486717224,1172,record/1172.png
183.9453489780426,1173,record/1173.png
184.18373370170593,1174,record/1174.png
184.41317629814148,1175,record/1175.png
184.65458297729492,1176,record/1176.png
184.7813241481781,1177,record/1177.png
185.00380945205688,1178,record/1178.png
185.23386001586914,1179,record/1179.png
185.48993253707886,1180,record/1180.png
185.64531755447388,1181,record/1181.png
185.8804156780243,1182,record/1182.png
185.993070602417,1183,record/1183.png
186.1246292591095,1184,record/1184.png
186.2644226551056,1185,record/1185.png
186.43396520614624,1186,record/1186.png
186.57108283042908,1187,record/1187.png
186.73073935508728,1188,record/1188.png
186.863098859787,1189,record/1189.png
186.9937777519226,1190,record/1190.png
187.1640727519989,1191,record/1191.png
187.29830384254456,1192,record/1192.png
187.43209624290466,1193,record/1193.png
187.5627601146698,1194,record/1194.png
187.6953682899475,1195,record/1195.png
187.82655477523804,1196,record/1196.png
187.9953258037567,1197,record/1197.png
188.18824768066406,1198,record/1198.png
188.29636573791504,1199,record/1199.png
188.43181252479553,1200,record/1200.png
188.5611526966095,1201,record/1201.png
188.696861743927,1202,record/1202.png
188.83620953559875,1203,record/1203.png
188.99715375900269,1204,record/1204.png
189.12965655326843,1205,record/1205.png
189.26628804206848,1206,record/1206.png
189.4006311893463,1207,record/1207.png
189.52813720703125,1208,record/1208.png
189.66209626197815,1209,record/1209.png
189.82986164093018,1210,record/1210.png
189.96436405181885,1211,record/1211.png
190.0979859828949,1212,record/1212.png
190.23118710517883,1213,record/1213.png
190.3598871231079,1214,record/1214.png
190.49493741989136,1215,record/1215.png
190.63161277770996,1216,record/1216.png
190.7977273464203,1217,record/1217.png
190.92929601669312,1218,record/1218.png
191.0620732307434,1219,record/1219.png
191.1953685283661,1220,record/1220.png
191.32546830177307,1221,record/1221.png
191.46008038520813,1222,record/1222.png
191.63384580612183,1223,record/1223.png
191.76271104812622,1224,record/1224.png
191.8914430141449,1225,record/1225.png
192.02954769134521,1226,record/1226.png
192.16398072242737,1227,record/1227.png
192.2979245185852,1228,record/1228.png
192.46265625953674,1229,record/1229.png
192.60176753997803,1230,record/1230.png
192.72906827926636,1231,record/1231.png
192.86090970039368,1232,record/1232.png
192.99558687210083,1233,record/1233.png
193.1281635761261,1234,record/1234.png
193.2991271018982,1235,record/1235.png
193.43222379684448,1236,record/1236.png
193.63114166259766,1237,record/1237.png
193.7674970626831,1238,record/1238.png
194.0323166847229,1239,record/1239.png
194.19159364700317,1240,record/1240.png
194.33078360557556,1241,record/1241.png
194.46186351776123,1242,record/1242.png
194.60146594047546,1243,record/1243.png
194.7300465106964,1244,record/1244.png
194.86309695243835,1245,record/1245.png
195.0344431400299,1246,record/1246.png
195.1959354877472,1247,record/1247.png
195.33387732505798,1248,record/1248.png
195.46225929260254,1249,record/1249.png
195.60172486305237,1250,record/1250.png
195.73597979545593,1251,record/1251.png
195.86202716827393,1252,record/1252.png
196.02143549919128,1253,record/1253.png
196.13095808029175,1254,record/1254.png
196.2637870311737,1255,record/1255.png
196.51949095726013,1256,record/1256.png
196.6606810092926,1257,record/1257.png
196.9709916114807,1258,record/1258.png
197.19589948654175,1259,record/1259.png
197.52231359481812,1260,record/1260.png
197.72965621948242,1261,record/1261.png
198.0216190814972,1262,record/1262.png
198.22741508483887,1263,record/1263.png
198.36473035812378,1264,record/1264.png
198.66003727912903,1265,record/1265.png
198.94507312774658,1266,record/1266.png
199.3581829071045,1267,record/1267.png
199.5235471725464,1268,record/1268.png
199.6179280281067,1269,record/1269.png
199.75630235671997,1270,record/1270.png
199.89174151420593,1271,record/1271.png
200.045725107193,1272,record/1272.png
200.1948652267456,1273,record/1273.png
200.3581838607788,1274,record/1274.png
200.52107787132263,1275,record/1275.png
200.69012904167175,1276,record/1276.png
200.82766342163086,1277,record/1277.png
200.95804286003113,1278,record/1278.png
201.09529733657837,1279,record/1279.png
201.22018909454346,1280,record/1280.png
201.35515141487122,1281,record/1281.png
201.49193334579468,1282,record/1282.png
201.65934467315674,1283,record/1283.png
201.78856492042542,1284,record/1284.png
201.92937660217285,1285,record/1285.png
202.05840587615967,1286,record/1286.png
202.19636392593384,1287,record/1287.png
202.33108186721802,1288,record/1288.png
202.4931378364563,1289,record/1289.png
202.63001990318298,1290,record/1290.png
202.75903987884521,1291,record/1291.png
202.89420986175537,1292,record/1292.png
203.0265281200409,1293,record/1293.png
203.15978264808655,1294,record/1294.png
203.29148817062378,1295,record/1295.png
203.49173974990845,1296,record/1296.png
203.6335470676422,1297,record/1297.png
203.76521182060242,1298,record/1298.png
203.89859771728516,1299,record/1299.png
204.0291886329651,1300,record/1300.png
204.26453828811646,1301,record/1301.png
204.42980122566223,1302,record/1302.png
204.56155037879944,1303,record/1303.png
204.6931369304657,1304,record/1304.png
204.8274917602539,1305,record/1305.png
204.9674141407013,1306,record/1306.png
205.10339498519897,1307,record/1307.png
205.27228236198425,1308,record/1308.png
205.4361732006073,1309,record/1309.png
205.56666493415833,1310,record/1310.png
205.69823670387268,1311,record/1311.png
205.8322832584381,1312,record/1312.png
205.96402263641357,1313,record/1313.png
206.10335493087769,1314,record/1314.png
206.2702980041504,1315,record/1315.png
206.3987078666687,1316,record/1316.png
206.53627634048462,1317,record/1317.png
206.6659300327301,1318,record/1318.png
206.79781341552734,1319,record/1319.png
206.93304300308228,1320,record/1320.png
207.07911658287048,1321,record/1321.png
207.23402643203735,1322,record/1322.png
207.3666648864746,1323,record/1323.png
207.49657917022705,1324,record/1324.png
207.63454699516296,1325,record/1325.png
207.76716327667236,1326,record/1326.png
207.9342474937439,1327,record/1327.png
208.06622695922852,1328,record/1328.png
208.19866228103638,1329,record/1329.png
208.3338258266449,1330,record/1330.png
208.46192002296448,1331,record/1331.png
208.6021614074707,1332,record/1332.png
208.76770424842834,1333,record/1333.png
208.90179634094238,1334,record/1334.png
209.03314328193665,1335,record/1335.png
209.1989939212799,1336,record/1336.png
209.3314163684845,1337,record/1337.png
209.46481823921204,1338,record/1338.png
209.63758659362793,1339,record/1339.png
209.76735854148865,1340,record/1340.png
209.89765810966492,1341,record/1341.png
210.03131818771362,1342,record/1342.png
210.1664092540741,1343,record/1343.png
210.29922199249268,1344,record/1344.png
210.4725263118744,1345,record/1345.png
210.61161303520203,1346,record/1346.png
210.77180314064026,1347,record/1347.png
210.89886808395386,1348,record/1348.png
211.0346918106079,1349,record/1349.png
211.16569256782532,1350,record/1350.png
211.300390958786,1351,record/1351.png
211.43977284431458,1352,record/1352.png
211.66614079475403,1353,record/1353.png
211.8992772102356,1354,record/1354.png
212.13152170181274,1355,record/1355.png
212.33462166786194,1356,record/1356.png
212.56553483009338,1357,record/1357.png
212.73528361320496,1358,record/1358.png
213.0019817352295,1359,record/1359.png
213.23124384880066,1360,record/1360.png
213.47962093353271,1361,record/1361.png
213.6720380783081,1362,record/1362.png
213.94995713233948,1363,record/1363.png
214.12317967414856,1364,record/1364.png
214.2332363128662,1365,record/1365.png
214.36763405799866,1366,record/1366.png
214.49766945838928,1367,record/1367.png
214.6303277015686,1368,record/1368.png
214.8017177581787,1369,record/1369.png
214.95954203605652,1370,record/1370.png
215.10142540931702,1371,record/1371.png
215.234699010849,1372,record/1372.png
215.36791133880615,1373,record/1373.png
215.50176978111267,1374,record/1374.png
215.63531875610352,1375,record/1375.png
215.81013894081116,1376,record/1376.png
215.93188071250916,1377,record/1377.png
216.06540703773499,1378,record/1378.png
216.1978931427002,1379,record/1379.png
216.33047652244568,1380,record/1380.png
216.46605801582336,1381,record/1381.png
