0.47861695289611816,0,0
0.817206621170044,0,0
1.164745569229126,0,0
1.3145878314971924,0,0
1.4535977840423584,0,0
1.590496301651001,0,0
1.7120246887207031,0,0
1.8518476486206055,0,0
1.9821317195892334,0,0
2.1602041721343994,0,0
2.3234047889709473,0,0
2.45171856880188,0,0
2.586422920227051,0,0
2.7184226512908936,0,0
2.8518803119659424,0,0
2.9823975563049316,0,0
3.143860101699829,0,0
3.3404061794281006,0,0
3.4575822353363037,0,0
3.720958709716797,0,0
3.849363088607788,0,0
3.9864087104797363,-5,5
4.136117696762085,-5,5
4.293940544128418,-5,5
4.418058633804321,-5,5
4.543168783187866,-5,5
4.687326431274414,-5,5
4.819804668426514,-5,5
4.9485132694244385,-5,5
5.115591764450073,-5,5
5.280534982681274,-5,5
5.414945840835571,-5,5
5.550642728805542,-5,5
5.682868957519531,-5,5
5.818998336791992,-5,5
5.952552556991577,-5,5
6.118618488311768,-5,5
6.285091876983643,-5,5
6.444486379623413,-5,5
6.5817906856536865,-5,5
6.72077488899231,-5,5
6.848973274230957,-5,5
6.984522581100464,-5,5
7.123883247375488,-5,5
7.292024374008179,-5,5
7.445866823196411,-5,5
7.583349227905273,-5,5
7.721089124679565,-5,5
7.8527326583862305,-5,5
7.98305344581604,-5,5
8.123714685440063,-5,5
8.284995079040527,-5,5
8.449366569519043,-5,5
8.575136423110962,-5,5
8.715914011001587,-5,5
8.950710773468018,-5,5
9.078644275665283,-5,5
9.220919132232666,-5,5
9.366890907287598,-5,5
9.515708684921265,-5,5
9.637656211853027,-5,5
9.784740209579468,-5,5
9.915360927581787,-5,5
10.065491437911987,-5,5
10.223329305648804,-5,5
10.348804473876953,-5,5
10.481994390487671,-5,5
10.627758979797363,-5,5
10.74833083152771,-5,5
10.903383493423462,-5,5
11.053334951400757,-5,5
11.18060827255249,-5,5
11.317331314086914,-5,5
11.456721782684326,-5,5
11.58210015296936,-5,5
11.71161699295044,-5,5
11.8821861743927,-5,5
12.013616561889648,-5,5
12.14387845993042,-5,5
12.279531240463257,-5,5
12.414879083633423,-5,5
12.558167934417725,-5,5
12.73622441291809,-5,5
12.841928720474243,-5,5
12.976346969604492,-5,5
13.115396499633789,-5,5
13.248992919921875,-5,5
13.381738424301147,-5,5
13.54208254814148,-5,5
13.716704607009888,-5,5
13.848515033721924,-5,5
13.98226809501648,-5,5
14.12970757484436,-5,5
14.246265888214111,-5,5
14.377514839172363,-5,5
14.517992734909058,-5,5
14.682476997375488,-5,5
14.817991733551025,-5,5
14.948515892028809,-5,5
15.07891035079956,-5,5
15.21212100982666,-5,5
15.34571385383606,-5,5
15.519793272018433,-5,5
15.648800134658813,-5,5
15.785451412200928,-5,5
15.911346435546875,-5,5
16.04746437072754,-5,5
16.19092035293579,-5,5
16.364967584609985,-5,5
16.6361186504364,-5,5
16.88417100906372,-5,5
17.120827198028564,-5,5
17.288717031478882,-5,5
17.536601305007935,-5,5
17.70540499687195,-5,5
17.96079993247986,-5,5
18.19618535041809,-5,5
18.352031707763672,-5,5
18.477378368377686,-5,5
18.891495943069458,-5,5
19.134952306747437,-5,5
19.29432249069214,-5,5
19.41526460647583,-5,5
19.54626727104187,-5,5
19.68104076385498,-5,5
19.817445993423462,-5,5
19.984922885894775,-5,5
20.12121844291687,-5,5
20.247939586639404,-5,5
20.3790762424469,-5,5
20.5141339302063,-5,5
20.656261920928955,-5,5
20.8214430809021,-5,5
20.946276903152466,-5,5
21.079362154006958,-5,5
21.214205980300903,-5,5
21.34717845916748,-5,5
21.48757839202881,-5,5
21.652716875076294,-5,5
21.781721115112305,-5,5
21.931580543518066,-5,5
22.05741572380066,-5,5
22.180344104766846,-5,5
22.313284873962402,-5,5
22.493969202041626,-5,5
22.67789340019226,-5,5
22.853561878204346,-5,5
23.00949454307556,15,25
23.152247190475464,15,25
23.2783842086792,15,25
23.409462213516235,20,20
23.54621148109436,25,15
23.69343590736389,25,15
23.852252960205078,25,15
23.994266033172607,25,15
24.118717193603516,25,15
24.249560832977295,25,15
24.386574268341064,25,15
24.52445149421692,25,15
24.686726808547974,20,20
24.818119287490845,20,20
24.95467257499695,15,25
25.083805322647095,15,25
25.216689348220825,15,25
25.346333742141724,15,25
25.51373267173767,15,25
25.646618127822876,15,25
25.78626823425293,15,25
25.914636850357056,20,20
26.043906688690186,20,20
26.179774045944214,25,15
26.35813617706299,25,15
26.484774112701416,25,15
26.615079164505005,25,15
26.74442720413208,25,15
26.88598370552063,25,15
27.015509128570557,25,15
27.153517246246338,25,15
27.319519758224487,25,15
27.451984882354736,25,15
27.580657958984375,25,15
27.711033582687378,0,0
27.848167657852173,0,0
27.98372483253479,0,0
28.156673192977905,0,0
28.287801027297974,0,0
28.425225257873535,0,0
28.555020093917847,0,0
28.684925317764282,0,0
28.819708347320557,0,0
29.10719394683838,0,0
29.251049995422363,0,0
29.386143684387207,0,0
29.608752489089966,0,0
29.791176080703735,0,0
29.920905351638794,0,0
30.05442714691162,0,0
30.187544345855713,0,0
30.322269916534424,0,0
30.468220949172974,0,0
30.620239973068237,0,0
30.761156797409058,0,0
30.918097257614136,0,0
31.053641080856323,0,0
31.185482025146484,0,0
31.32801604270935,0,0
31.57607340812683,0,0
31.83859920501709,0,0
32.08776831626892,0,0
32.26395559310913,0,0
32.492732763290405,0,0
32.66762089729309,0,0
32.8930938243866,0,0
33.14928150177002,-5,5
33.36760711669922,-5,5
33.64088463783264,-5,5
33.81718993186951,-5,5
33.95804715156555,-5,5
34.08852982521057,-5,5
34.2475483417511,-5,5
34.376622438430786,-5,5
34.61668157577515,-5,5
34.851391553878784,-5,5
35.151246070861816,-5,5
35.4095938205719,15,25
35.649683713912964,15,25
35.85238432884216,15,25
36.10879063606262,15,25
36.25017070770264,15,25
36.50583219528198,15,25
36.686315298080444,0,0
36.94247555732727,0,0
37.113117694854736,5,-5
37.25608730316162,5,-5
37.38507962226868,5,-5
37.519822120666504,5,-5
37.65435242652893,5,-5
37.82618498802185,5,-5
37.952348709106445,5,-5
38.08600401878357,5,-5
38.21450352668762,5,-5
38.34699273109436,5,-5
38.47659635543823,5,-5
38.66379451751709,5,-5
38.78421235084534,5,-5
38.91386938095093,5,-5
39.045730113983154,5,-5
39.18523454666138,5,-5
39.31460881233215,5,-5
39.45820212364197,5,-5
39.59251856803894,5,-5
39.71465873718262,5,-5
39.866257429122925,5,-5
39.98556995391846,5,-5
40.12514877319336,5,-5
40.25101661682129,5,-5
40.4145622253418,5,-5
40.544803619384766,5,-5
40.67836141586304,5,-5
40.8186240196228,0,0
40.952866554260254,-5,5
41.08742570877075,-5,5
41.25616121292114,-5,5
41.38918614387512,-5,5
41.52391028404236,-5,5
41.65544891357422,-5,5
41.79096055030823,-5,5
41.91757321357727,-5,5
42.054959297180176,-5,5
42.1824414730072,-5,5
42.3152015209198,-5,5
42.452282667160034,-5,5
42.581889390945435,-5,5
42.71051502227783,-5,5
42.87514853477478,-5,5
43.01110529899597,-5,5
43.1703143119812,-5,5
43.290003538131714,-5,5
43.41852617263794,-5,5
43.56399631500244,-5,5
43.708540201187134,-5,5
43.80127549171448,-5,5
43.90428614616394,-5,5
44.04546523094177,-5,5
44.18718242645264,-5,5
44.31735968589783,-5,5
44.48013782501221,-5,5
44.620790243148804,-5,5
44.750935077667236,-5,5
44.87809729576111,-5,5
45.01746988296509,-5,5
45.14960289001465,-5,5
45.326690912246704,0,0
45.45422840118408,0,0
45.5818088054657,0,0
45.71967840194702,0,0
45.85786271095276,0,0
45.99237084388733,0,0
46.15418577194214,0,0
46.289286375045776,0,0
46.4060378074646,0,0
46.522799015045166,0,0
46.65808176994324,0,0
46.79474902153015,0,0
46.95663928985596,-5,5
47.09169387817383,-5,5
47.22091770172119,-5,5
47.35114359855652,-5,5
47.48768091201782,-5,5
47.62107038497925,-5,5
47.789729595184326,-5,5
47.95450782775879,-5,5
48.119234561920166,-5,5
48.254284620285034,-5,5
48.38329553604126,-5,5
48.518515825271606,-5,5
48.65574288368225,-5,5
48.79031252861023,-5,5
48.95588564872742,-5,5
49.08019757270813,-5,5
49.218178272247314,-5,5
49.3545982837677,-5,5
49.48312306404114,-5,5
49.62164115905762,15,25
49.787456035614014,15,25
49.919458627700806,20,20
50.048399686813354,20,20
50.18626546859741,20,20
50.320483446121216,25,15
50.46642184257507,25,15
50.63889145851135,25,15
50.79571890830994,25,15
50.92023301124573,25,15
51.0542573928833,25,15
51.187570333480835,25,15
51.3219358921051,25,15
51.49463963508606,25,15
51.626123905181885,25,15
51.86700701713562,25,15
51.990663290023804,20,20
52.12307000160217,20,20
52.29812979698181,20,20
52.42150616645813,20,20
52.555602073669434,20,20
52.723958253860474,20,20
52.85638236999512,20,20
52.99700140953064,20,20
53.17439937591553,20,20
53.324503898620605,20,20
53.45833086967468,20,20
53.58921003341675,20,20
53.72066259384155,20,20
53.85497260093689,15,25
53.995665550231934,15,25
54.17069387435913,15,25
54.29343128204346,15,25
54.422390937805176,15,25
54.55598306655884,15,25
54.69190192222595,15,25
54.82067823410034,15,25
54.9677472114563,15,25
55.09925150871277,15,25
55.21701765060425,15,25
55.383004903793335,15,25
55.519869804382324,15,25
55.654823780059814,15,25
55.82252907752991,15,25
55.95854568481445,15,25
56.087700843811035,15,25
56.21703267097473,15,25
56.350176095962524,15,25
56.484208822250366,15,25
56.66332960128784,15,25
56.7843017578125,15,25
56.91389560699463,15,25
57.05014705657959,15,25
57.185439109802246,15,25
57.32823657989502,15,25
57.4994740486145,15,25
57.62325644493103,15,25
57.75542950630188,15,25
57.884671211242676,15,25
58.01827025413513,15,25
58.15202975273132,15,25
58.301593542099,15,25
58.45681643486023,15,25
58.6964066028595,15,25
58.81403732299805,15,25
58.953603982925415,15,25
59.0882465839386,15,25
59.244205951690674,15,25
59.42921209335327,15,25
59.54253673553467,15,25
59.64698576927185,15,25
59.78671646118164,15,25
59.9148428440094,20,20
60.04987049102783,20,20
60.190317153930664,20,20
60.35299563407898,20,20
60.48552441596985,20,20
60.621079206466675,25,15
60.75001859664917,25,15
60.89969038963318,25,15
61.0044310092926,25,15
61.135262966156006,25,15
61.28014874458313,25,15
61.510396242141724,25,15
61.67939829826355,20,20
61.92495822906494,20,20
62.160561084747314,20,20
62.4005286693573,20,20
62.58183431625366,20,20
62.72334837913513,15,25
62.946001291275024,15,25
63.09787583351135,15,25
63.35141944885254,15,25
63.50560736656189,15,25
64.05029630661011,15,25
64.30944204330444,15,25
64.55653882026672,20,20
64.79370784759521,25,15
64.93518614768982,25,15
65.20605659484863,25,15
65.43513107299805,25,15
65.58917427062988,25,15
65.82177996635437,25,15
65.96911454200745,25,15
66.20956301689148,25,15
66.30091285705566,20,20
66.41282343864441,20,20
66.65194916725159,15,25
66.86792349815369,15,25
67.11217141151428,15,25
67.36192798614502,15,25
67.57957553863525,0,0
67.83324575424194,0,0
68.06372356414795,0,0
68.17383575439453,-5,5
68.33292174339294,-5,5
68.49116921424866,-5,5
68.62136769294739,-5,5
68.75315523147583,-5,5
68.88880729675293,-5,5
69.01564526557922,-5,5
69.14923620223999,-5,5
69.31696128845215,-5,5
69.45401525497437,-5,5
69.57855415344238,-5,5
69.71246004104614,-5,5
69.84591460227966,-5,5
69.95060992240906,-5,5
70.12343859672546,0,0
70.29503679275513,0,0
70.45973873138428,0,0
70.58627676963806,0,0
70.72041058540344,0,0
70.98861908912659,0,0
71.12976336479187,0,0
71.2981071472168,0,0
71.52656984329224,0,0
71.65276646614075,0,0
71.78722882270813,0,0
71.92410278320312,0,0
72.0514235496521,0,0
72.1882734298706,0,0
72.35178518295288,0,0
72.48761892318726,0,0
72.6225016117096,0,0
72.75259447097778,0,0
72.89403986930847,0,0
73.02576351165771,0,0
73.18906497955322,0,0
73.3196234703064,0,0
73.45933246612549,0,0
73.58939099311829,0,0
73.72036814689636,-5,5
73.8582935333252,-5,5
74.02989983558655,-5,5
74.19362211227417,-5,5
74.31781530380249,-5,5
74.44624710083008,-5,5
74.58209133148193,-5,5
74.71723365783691,-5,5
74.84914565086365,-5,5
74.99086046218872,-5,5
75.15696382522583,-5,5
75.28690361976624,-5,5
75.41669058799744,-5,5
75.54866003990173,-5,5
75.69224381446838,-5,5
75.81834506988525,15,25
76.10150408744812,15,25
76.23643708229065,15,25
76.34582233428955,15,25
76.48251795768738,15,25
76.61852169036865,15,25
76.74823474884033,15,25
76.89184284210205,20,20
77.05528450012207,20,20
77.1868245601654,25,15
77.31652545928955,25,15
77.4575788974762,25,15
77.57532978057861,25,15
77.71523237228394,25,15
77.86862277984619,25,15
78.01856970787048,20,20
78.18902206420898,20,20
78.32756209373474,20,20
78.46176886558533,15,25
78.59015536308289,15,25
78.72618794441223,15,25
78.9048364162445,15,25
79.05259466171265,15,25
79.18485736846924,15,25
79.31582498550415,15,25
79.45658278465271,15,25
79.58566451072693,15,25
79.75456070899963,15,25
79.8885498046875,15,25
80.01689624786377,20,20
80.14900326728821,20,20
80.28771996498108,25,15
80.42634868621826,25,15
80.59766268730164,25,15
80.71737551689148,25,15
80.8542845249176,25,15
81.09433174133301,25,15
81.2148962020874,25,15
81.36403059959412,25,15
81.50216484069824,25,15
81.61817812919617,25,15
81.75163769721985,25,15
81.8829779624939,25,15
82.01770329475403,25,15
82.15732216835022,25,15
82.32590866088867,25,15
82.45269107818604,25,15
82.58319902420044,0,0
82.71605277061462,0,0
82.85546851158142,0,0
82.98807048797607,0,0
83.20593810081482,5,-5
83.32085609436035,5,-5
83.46128129959106,5,-5
83.58992552757263,5,-5
83.72374510765076,5,-5
83.86220026016235,5,-5
84.02139139175415,5,-5
84.15173530578613,5,-5
84.28575539588928,5,-5
84.41694045066833,5,-5
84.55409979820251,5,-5
84.69583177566528,5,-5
84.87016820907593,5,-5
85.02331638336182,5,-5
85.15157008171082,5,-5
85.28721594810486,5,-5
85.42524409294128,5,-5
85.55799341201782,5,-5
85.69380521774292,5,-5
85.86306619644165,5,-5
85.98572301864624,5,-5
86.12821865081787,5,-5
86.23755502700806,5,-5
86.34542608261108,5,-5
86.48082280158997,5,-5
86.64323782920837,5,-5
86.76440143585205,5,-5
86.88716125488281,5,-5
87.02236032485962,5,-5
87.15163993835449,5,-5
87.29443216323853,5,-5
87.43047285079956,5,-5
87.6196756362915,5,-5
87.79003691673279,5,-5
87.95746326446533,5,-5
88.08531951904297,5,-5
88.21729779243469,5,-5
88.34717988967896,5,-5
88.44840407371521,5,-5
88.58883786201477,5,-5
88.7240514755249,5,-5
88.88801670074463,5,-5
89.01420569419861,5,-5
89.14897394180298,5,-5
89.28940486907959,5,-5
89.42030763626099,5,-5
89.55572557449341,0,0
89.71055555343628,0,0
89.84891510009766,0,0
89.95349621772766,0,0
90.15490388870239,0,0
90.34230828285217,0,0
90.49183320999146,0,0
90.84759020805359,0,0
91.9548761844635,0,0
92.25175762176514,0,0
92.65178799629211,0,0
92.86368179321289,0,0
93.28913497924805,0,0
93.42040753364563,0,0
93.56114745140076,0,0
93.68915486335754,0,0
93.82176494598389,0,0
93.99245953559875,0,0
94.12204241752625,0,0
94.2581033706665,0,0
94.38787341117859,0,0
94.52053332328796,-5,5
94.65512609481812,-5,5
94.82369303703308,-5,5
94.95788955688477,-5,5
95.08818697929382,-5,5
95.21953296661377,-5,5
95.35296273231506,-5,5
95.49072027206421,-5,5
95.65679502487183,-5,5
95.87629342079163,-5,5
96.01243853569031,-5,5
96.14965867996216,-5,5
96.29145956039429,-5,5
96.45129132270813,-5,5
96.58206748962402,-5,5
96.71583986282349,-5,5
96.84857559204102,-5,5
96.98388433456421,-5,5
97.1320333480835,-5,5
97.29129004478455,-5,5
97.46504521369934,-5,5
97.62088799476624,-5,5
97.78784108161926,-5,5
97.91186618804932,-5,5
98.04959082603455,-5,5
98.18417024612427,-5,5
98.31925988197327,-5,5
98.4550142288208,-5,5
98.60714197158813,-5,5
98.75009536743164,15,25
98.88519024848938,15,25
99.01781702041626,15,25
99.14827013015747,15,25
99.28842091560364,15,25
99.44565200805664,20,20
99.58768463134766,25,15
99.72217202186584,25,15
99.85709738731384,25,15
99.98788666725159,25,15
100.12434387207031,25,15
100.26343965530396,20,20
100.42869901657104,20,20
100.55624842643738,15,25
100.68828749656677,15,25
100.94237065315247,15,25
101.05206894874573,15,25
101.19192123413086,15,25
101.35846185684204,15,25
101.48391079902649,15,25
101.6314537525177,15,25
101.7510302066803,15,25
101.88545799255371,0,0
102.01599192619324,0,0
102.18576550483704,0,0
102.32263588905334,0,0
102.46196842193604,0,0
102.59371328353882,0,0
102.72262406349182,0,0
102.85641860961914,0,0
103.02237367630005,0,0
103.16055965423584,0,0
103.29462170600891,0,0
103.40506601333618,0,0
103.53823161125183,0,0
103.70033693313599,0,0
103.85315799713135,0,0
103.98999524116516,0,0
104.17966747283936,0,0
104.32696104049683,0,0
104.45918321609497,0,0
104.62818336486816,0,0
104.7587537765503,0,0
104.89328670501709,0,0
105.02379179000854,0,0
105.15627384185791,0,0
105.29424118995667,0,0
105.46150994300842,0,0
105.58962750434875,0,0
105.7238974571228,0,0
105.9719033241272,0,0
106.09061288833618,-5,5
106.25768184661865,-5,5
106.39914774894714,-5,5
106.74307036399841,-5,5
107.00398564338684,15,25
107.22885513305664,15,25
107.46993517875671,15,25
107.63505411148071,20,20
107.87670993804932,25,15
108.10952711105347,25,15
108.34926223754883,25,15
108.63093638420105,0,0
108.77318167686462,0,0
108.88820958137512,0,0
109.02523183822632,0,0
109.1559944152832,0,0
109.33728766441345,0,0
109.4971399307251,0,0
109.62709975242615,0,0
109.76036047935486,0,0
109.89035940170288,0,0
110.02305006980896,0,0
110.23115277290344,0,0
110.40399026870728,0,0
110.56082463264465,0,0
110.69120764732361,0,0
110.82414174079895,0,0
110.9638557434082,0,0
111.09333896636963,0,0
111.23160481452942,0,0
111.40557074546814,0,0
111.5255696773529,0,0
111.66054034233093,0,0
111.81210589408875,0,0
111.96352624893188,0,0
112.0920763015747,0,0
112.27574825286865,0,0
112.39024949073792,0,0
112.52436304092407,0,0
112.65720129013062,0,0
112.79431223869324,0,0
112.92391800880432,0,0
113.0892403125763,0,0
113.22290110588074,5,-5
113.35559320449829,5,-5
113.60292744636536,5,-5
113.76327443122864,5,-5
113.97012996673584,5,-5
114.09268760681152,5,-5
114.2157654762268,5,-5
114.3531539440155,5,-5
114.48230075836182,5,-5
114.62170481681824,5,-5
114.78900480270386,5,-5
114.92327165603638,0,0
115.05287504196167,0,0
115.18642973899841,0,0
115.31798696517944,0,0
115.56740927696228,0,0
115.85466694831848,0,0
115.9961473941803,0,0
116.2582049369812,0,0
116.48809003829956,0,0
116.73711013793945,0,0
116.96597385406494,0,0
117.38612818717957,0,0
117.68328905105591,0,0
117.84685158729553,0,0
118.00676274299622,0,0
118.16402530670166,0,0
118.29112505912781,0,0
118.42422080039978,0,0
118.6923041343689,-5,5
119.08813190460205,-5,5
119.26631569862366,-5,5
119.39024925231934,-5,5
119.63242745399475,-5,5
119.87288022041321,-5,5
120.11720323562622,-5,5
120.26646375656128,-5,5
120.52280449867249,0,0
121.00775194168091,0,0
121.13189101219177,0,0
121.35650372505188,0,0
121.48969602584839,0,0
122.15171384811401,0,0
122.3315999507904,0,0
122.61266803741455,0,0
122.71173000335693,0,0
122.92001247406006,0,0
123.0572440624237,0,0
123.19066548347473,0,0
123.3250777721405,0,0
123.4595832824707,0,0
123.7107286453247,0,0
123.86094951629639,0,0
123.99298357963562,-5,5
124.1256422996521,-5,5
124.25766229629517,-5,5
124.39662027359009,-5,5
124.52773523330688,-5,5
124.68942832946777,-5,5
124.84245324134827,-5,5
124.98820185661316,-5,5
125.12449264526367,-5,5
125.25084161758423,-5,5
125.38168716430664,-5,5
125.51953911781311,-5,5
125.68942928314209,-5,5
125.82143926620483,-5,5
125.95669364929199,-5,5
126.08515620231628,-5,5
126.21609783172607,-5,5
126.35052394866943,-5,5
126.4452862739563,-5,5
126.57969355583191,-5,5
126.71908950805664,-5,5
126.85528373718262,-5,5
126.9900279045105,-5,5
127.12221312522888,-5,5
127.25396990776062,15,25
127.4200611114502,15,25
127.55135679244995,15,25
127.687260389328,15,25
127.8588616847992,20,20
127.99265694618225,25,15
128.1292052268982,25,15
128.31427717208862,25,15
128.4978108406067,25,15
128.74484252929688,25,15
128.858957529068,20,20
128.99216675758362,20,20
129.13178038597107,15,25
129.29934096336365,15,25
129.4265251159668,15,25
129.57218384742737,15,25
129.72262716293335,15,25
129.85369348526,15,25
129.99194359779358,15,25
130.16539978981018,15,25
130.28885912895203,15,25
130.42190790176392,20,20
130.55008578300476,20,20
130.68964791297913,20,20
130.82149624824524,20,20
130.99719333648682,15,25
131.12557911872864,15,25
131.25755953788757,15,25
131.38682222366333,15,25
131.5213553905487,15,25
131.65556263923645,15,25
131.8192322254181,15,25
131.95654845237732,0,0
132.0851492881775,0,0
132.21586728096008,5,-5
132.35832142829895,5,-5
132.49837517738342,5,-5
132.6571011543274,5,-5
132.7929093837738,0,0
132.9247362613678,0,0
133.05909323692322,0,0
133.18964457511902,0,0
133.33166670799255,0,0
133.50475978851318,0,0
133.6298623085022,0,0
133.8312509059906,0,0
133.960999250412,-5,5
134.0931577682495,-5,5
134.22855281829834,-5,5
134.40341210365295,-5,5
134.51603198051453,-5,5
134.66032147407532,-5,5
134.79534077644348,-5,5
134.92666244506836,-5,5
135.0567626953125,-5,5
135.20055413246155,0,0
135.32268857955933,0,0
135.45590591430664,0,0
135.58299112319946,0,0
135.7252266407013,0,0
135.85789704322815,0,0
136.00595140457153,-5,5
136.17186999320984,-5,5
136.29274463653564,-5,5
136.5429708957672,-5,5
136.68391013145447,-5,5
136.9101824760437,-5,5
137.24186515808105,-5,5
137.3558132648468,-5,5
137.58910036087036,-5,5
137.90859818458557,-5,5
138.13394284248352,-5,5
138.29991054534912,-5,5
138.53738689422607,-5,5
139.14183354377747,-5,5
139.2578182220459,-5,5
139.4060835838318,-5,5
139.52125477790833,-5,5
139.65325021743774,-5,5
139.78818321228027,-5,5
139.91690135002136,-5,5
140.05796575546265,-5,5
140.22630214691162,-5,5
140.37207055091858,-5,5
140.47185134887695,-5,5
140.58645915985107,-5,5
140.72251224517822,-5,5
140.85717725753784,-5,5
140.9931879043579,-5,5
141.15629172325134,-5,5
141.2909848690033,-5,5
141.4216227531433,-5,5
141.55417490005493,-5,5
141.69357061386108,-5,5
141.82452368736267,-5,5
141.9944930076599,-5,5
142.1311800479889,-5,5
142.25823330879211,-5,5
142.387433052063,-5,5
142.51615142822266,-5,5
142.64701199531555,-5,5
142.7513768672943,-5,5
142.92503094673157,-5,5
143.04982376098633,-5,5
143.19387459754944,-5,5
143.32290410995483,-5,5
143.4591760635376,-5,5
143.58869671821594,-5,5
143.74894380569458,-5,5
143.88357496261597,-5,5
144.02124071121216,-5,5
144.1554515361786,0,0
144.29334235191345,0,0
144.42168521881104,0,0
144.59090566635132,0,0
144.72325706481934,0,0
144.85834789276123,0,0
144.9913628101349,0,0
145.127019405365,0,0
145.26184129714966,0,0
145.43404173851013,0,0
145.6232352256775,0,0
145.75611448287964,0,0
145.88686966896057,0,0
146.02095699310303,0,0
146.1552951335907,0,0
146.334547996521,0,0
146.46474623680115,0,0
146.59180402755737,0,0
146.72365760803223,0,0
146.8535840511322,0,0
146.99197363853455,0,0
147.14965510368347,0,0
147.29302978515625,0,0
147.42559027671814,0,0
147.55826950073242,0,0
147.69030904769897,0,0
147.82478404045105,0,0
148.03157758712769,0,0
148.16309070587158,0,0
148.29700136184692,0,0
148.40705466270447,-5,5
148.5278992652893,-5,5
148.65681266784668,-5,5
148.7888102531433,-5,5
148.95427751541138,-5,5
149.08255195617676,-5,5
149.21946263313293,-5,5
149.3575575351715,-5,5
149.48930835723877,-5,5
149.62619805335999,-5,5
149.76481342315674,-5,5
149.91710710525513,-5,5
150.05754232406616,-5,5
150.19183778762817,-5,5
150.32718348503113,-5,5
150.45573735237122,-5,5
150.5880093574524,-5,5
150.75358986854553,-5,5
150.88429713249207,-5,5
151.01768589019775,-5,5
151.15399146080017,-5,5
151.29455280303955,-5,5
151.41704320907593,-5,5
151.6395707130432,15,25
151.86893367767334,15,25
152.1117889881134,15,25
152.28860807418823,15,25
152.52729606628418,15,25
152.88076090812683,20,20
153.09212708473206,25,15
153.26262784004211,25,15
153.48766136169434,25,15
153.68540024757385,25,15
153.92927193641663,25,15
154.08481168746948,15,25
154.22389245033264,15,25
154.36048221588135,15,25
154.4877724647522,15,25
154.71429419517517,0,0
154.9619152545929,0,0
155.19694137573242,0,0
155.45543813705444,5,-5
155.69759440422058,5,-5
155.89685034751892,5,-5
156.14898371696472,5,-5
156.35641026496887,5,-5
156.58579516410828,5,-5
156.83280730247498,5,-5
157.01159119606018,5,-5
157.22512674331665,5,-5
157.3533811569214,5,-5
157.60507249832153,5,-5
157.83472394943237,5,-5
157.9779818058014,5,-5
158.21107697486877,5,-5
158.45297980308533,5,-5
158.70220971107483,5,-5
158.86946868896484,5,-5
159.16719341278076,5,-5
159.3587031364441,5,-5
159.59175753593445,5,-5
159.72715091705322,5,-5
159.9754934310913,5,-5
160.1544065475464,5,-5
160.2944986820221,5,-5
160.4180953502655,5,-5
160.55288529396057,5,-5
160.80436944961548,5,-5
160.95651936531067,5,-5
161.09082555770874,5,-5
161.2236669063568,5,-5
161.3576967716217,5,-5
161.4836814403534,5,-5
161.61940479278564,5,-5
161.7924678325653,5,-5
161.9493465423584,5,-5
162.0860562324524,5,-5
162.21681451797485,5,-5
162.35403037071228,5,-5
162.48429560661316,5,-5
162.6072816848755,0,0
162.7401840686798,0,0
162.85980033874512,0,0
162.99207949638367,0,0
163.1294550895691,0,0
163.26116752624512,0,0
163.39325404167175,0,0
163.53851008415222,0,0
163.66249704360962,0,0
163.80058550834656,0,0
163.92632937431335,0,0
164.05921745300293,0,0
164.19033074378967,0,0
164.33496856689453,0,0
164.46409034729004,0,0
164.59023785591125,0,0
164.72528409957886,0,0
164.9219856262207,0,0
165.0587456226349,0,0
165.22719883918762,0,0
165.35743403434753,0,0
165.49014329910278,0,0
165.62836980819702,0,0
165.87242436408997,0,0
166.04462313652039,0,0
166.1559157371521,0,0
166.29563689231873,0,0
166.42508172988892,5,-5
166.55961418151855,5,-5
166.69780945777893,25,15
166.85975861549377,25,15
166.9845266342163,25,15
167.1218500137329,25,15
167.25257062911987,25,15
167.3886296749115,25,15
167.52603816986084,25,15
167.67990922927856,25,15
167.79136443138123,25,15
167.91960978507996,25,15
168.05505394935608,25,15
168.1931607723236,25,15
168.33195734024048,20,20
168.50520372390747,20,20
168.63412976264954,20,20
168.7592010498047,20,20
168.89305448532104,0,0
169.02498841285706,0,0
169.1596496105194,0,0
169.31071257591248,0,0
169.4466872215271,0,0
169.56148195266724,0,0
169.69566822052002,0,0
169.83020043373108,0,0
169.96610474586487,0,0
170.0946810245514,0,0
170.269469499588,0,0
170.39695262908936,0,0
170.52845692634583,0,0
170.66321086883545,0,0
170.91051626205444,0,0
171.07424116134644,0,0
171.1936070919037,0,0
171.32800245285034,0,0
171.46890115737915,0,0
171.63465309143066,0,0
171.8053686618805,0,0
171.9642255306244,0,0
172.0976221561432,0,0
172.2275264263153,0,0
172.36378073692322,0,0
172.49457550048828,0,0
172.63271355628967,0,0
172.7990369796753,0,0
172.92709827423096,0,0
173.06049728393555,0,0
173.1935911178589,0,0
173.32723331451416,0,0
173.473965883255,0,0
173.63726711273193,0,0
173.75835728645325,0,0
173.89565539360046,0,0
174.03019046783447,0,0
174.16244387626648,0,0
174.3057565689087,0,0
174.47813606262207,0,0
174.63205814361572,0,0
174.7702670097351,0,0
174.89420342445374,0,0
175.02692699432373,0,0
175.162757396698,0,0
175.33466243743896,0,0
175.46530437469482,0,0
175.59833765029907,0,0
175.7291030883789,0,0
175.97553968429565,0,0
176.14281916618347,0,0
176.25785398483276,0,0
176.3928382396698,0,0
176.5296275615692,0,0
176.66183018684387,0,0
176.79414749145508,0,0
176.97990083694458,0,0
177.09986662864685,0,0
177.229407787323,0,0
177.36352038383484,0,0
177.49559140205383,0,0
177.6458559036255,0,0
177.81314373016357,0,0
177.9322693347931,0,0
178.06666922569275,0,0
178.19402027130127,0,0
178.33070921897888,0,0
178.4651072025299,0,0
178.60684990882874,0,0
178.72720766067505,0,0
178.86057019233704,0,0
178.97921466827393,0,0
179.09602570533752,0,0
179.22915887832642,0,0
179.37425899505615,20,20
179.51591992378235,20,20
179.66253066062927,20,20
179.80014777183533,20,20
179.9281485080719,20,20
180.06055617332458,20,20
180.2041471004486,0,0
180.36215448379517,0,0
180.49544215202332,0,0
180.62914109230042,-5,5
180.76064705848694,-5,5
180.895033121109,-5,5
181.06480622291565,-5,5
181.22683906555176,-5,5
181.3597218990326,-5,5
181.59444904327393,-5,5
181.7624490261078,-5,5
182.08115935325623,-5,5
182.33750200271606,-5,5
182.57154035568237,-5,5
182.82127451896667,-5,5
182.97518157958984,-5,5
183.2122905254364,-5,5
183.36817693710327,-5,5
183.80967020988464,-5,5
183.97698044776917,-5,5
184.21486401557922,-5,5
184.43525958061218,-5,5
184.69157028198242,-5,5
184.81203603744507,-5,5
185.03565645217896,-5,5
185.26407146453857,-5,5
185.52660417556763,0,0
185.67673754692078,0,0
185.90731143951416,0,0
186.02329301834106,0,0
186.1541256904602,0,0
186.30214476585388,0,0
186.46294283866882,0,0
186.604074716568,0,0
186.76245999336243,0,0
186.89198923110962,0,0
187.0262415409088,0,0
187.19603371620178,0,0
187.32801222801208,0,0
187.46228575706482,0,0
187.59339141845703,0,0
187.72554779052734,0,0
187.8584201335907,0,0
188.03298592567444,0,0
188.20635652542114,0,0
188.32592630386353,0,0
188.4622778892517,0,0
188.59327673912048,0,0
188.73606371879578,0,0
188.8738307952881,0,0
189.0279037952423,0,0
189.1600775718689,0,0
189.29677557945251,0,0
189.43078422546387,0,0
189.55858206748962,0,0
189.69467544555664,0,0
189.86599397659302,0,0
189.9939088821411,0,0
190.12843346595764,0,0
190.2626087665558,0,0
190.3894398212433,0,0
190.5269968509674,0,0
190.6672031879425,20,20
190.8274998664856,20,20
190.96449637413025,20,20
191.09238171577454,20,20
191.22825455665588,20,20
191.35564517974854,25,15
191.49114894866943,25,15
191.66411304473877,25,15
191.7930769920349,0,0
191.92185592651367,0,0
192.06015419960022,0,0
192.19379472732544,0,0
192.33268284797668,0,0
192.49359345436096,0,0
192.63369297981262,0,0
192.75971388816833,0,0
192.89058923721313,0,0
193.02557754516602,0,0
193.16720700263977,0,0
193.33544492721558,0,0
193.46123552322388,0,0
193.66166734695435,0,0
193.91091465950012,0,0
194.06909465789795,0,0
194.22153162956238,0,0
194.36195921897888,0,0
194.4924623966217,0,0
194.63346195220947,0,0
194.76263999938965,0,0
194.8988015651703,0,0
195.07107400894165,0,0
195.22681164741516,0,0
195.36503624916077,0,0
195.49283003807068,0,0
195.634108543396,0,0
195.76701188087463,0,0
195.89851427078247,0,0
196.0490219593048,0,0
196.16288352012634,0,0
196.2930326461792,0,0
196.5529019832611,-5,5
196.69727110862732,-5,5
197.10258078575134,-5,5
197.2752070426941,-5,5
197.5527400970459,-5,5
197.76533102989197,-5,5
198.13944482803345,-5,5
198.25771045684814,-5,5
198.4981496334076,-5,5
198.69033360481262,-5,5
199.0971360206604,-5,5
199.39500212669373,-5,5
199.54359412193298,-5,5
199.64646887779236,-5,5
199.78629541397095,-5,5
199.9219467639923,-5,5
200.077410697937,-5,5
200.22554898262024,-5,5
200.39421582221985,-5,5
200.55778765678406,-5,5
200.72804832458496,-5,5
200.85714650154114,-5,5
200.990327835083,-5,5
201.12531089782715,-5,5
201.24942135810852,-5,5
201.3838713169098,-5,5
201.53100275993347,-5,5
201.69007658958435,-5,5
201.8183913230896,-5,5
201.95918798446655,-5,5
202.08764004707336,-5,5
202.2270941734314,-5,5
202.36220169067383,-5,5
202.52892875671387,-5,5
202.6646683216095,-5,5
202.7880380153656,-5,5
202.92373991012573,-5,5
203.05830264091492,-5,5
203.18996334075928,-5,5
203.3284728527069,-5,5
203.5312533378601,-5,5
203.66284656524658,-5,5
203.79495096206665,-5,5
203.93003582954407,-5,5
204.17325615882874,-5,5
204.30119681358337,-5,5
204.46144127845764,-5,5
204.5914397239685,-5,5
204.72395086288452,0,0
204.85736632347107,0,0
204.9965901374817,0,0
205.14065504074097,0,0
205.31010746955872,0,0
205.4666392803192,0,0
205.59673976898193,0,0
205.73083353042603,0,0
205.8619520664215,0,0
205.9991898536682,0,0
206.1403226852417,0,0
206.30778908729553,0,0
206.42933893203735,0,0
206.5665967464447,0,0
206.6959149837494,0,0
206.82841420173645,0,0
206.9635190963745,0,0
207.11527276039124,0,0
207.26657795906067,0,0
207.39960646629333,0,0
207.5269274711609,0,0
207.66592407226562,0,0
207.79764556884766,0,0
207.9650092124939,0,0
208.09638285636902,0,0
208.22835969924927,0,0
208.36357760429382,0,0
208.49265694618225,0,0
208.6325879096985,0,0
208.79814338684082,0,0
208.93247532844543,0,0
209.07428336143494,0,0
209.22850394248962,0,0
209.36177492141724,0,0
209.49971437454224,0,0
209.66935563087463,0,0
209.7972927093506,0,0
209.92783212661743,0,0
210.0605549812317,0,0
210.19603061676025,0,0
210.32906198501587,0,0
210.51287055015564,0,0
210.64328384399414,0,0
210.8025929927826,0,0
210.92933082580566,0,0
211.0640833377838,0,0
211.19598984718323,0,0
211.336895942688,0,0
211.47003316879272,0,0
211.69499397277832,0,0
211.9277265071869,0,0
212.16907382011414,0,0
212.36288928985596,0,0
212.594984292984,0,0
212.76392531394958,0,0
213.1064739227295,0,0
213.2622094154358,0,0
213.51101851463318,0,0
213.71270751953125,0,0
213.99283003807068,0,0
214.1430184841156,0,0
214.26358246803284,0,0
214.40081238746643,0,0
214.5284161567688,0,0
214.66042637825012,0,0
214.84124040603638,0,0
214.98926901817322,0,0
215.13093400001526,0,0
215.26501393318176,0,0
215.39708971977234,0,0
215.53214621543884,0,0
215.67251920700073,0,0
215.8418426513672,0,0
215.96207427978516,0,0
216.0941243171692,0,0
216.22797012329102,0,0
216.36019587516785,0,0
216.49620652198792,0,0
