0.40287089347839355,0,record/0.png
0.5015199184417725,1,record/1.png
0.6100859642028809,2,record/2.png
0.725881814956665,3,record/3.png
0.8076820373535156,4,record/4.png
0.9084007740020752,5,record/5.png
0.9939069747924805,6,record/6.png
1.1048352718353271,7,record/7.png
1.1837432384490967,8,record/8.png
1.2859385013580322,9,record/9.png
1.355712652206421,10,record/10.png
1.4320926666259766,11,record/11.png
1.5047316551208496,12,record/12.png
1.6139869689941406,13,record/13.png
1.6914403438568115,14,record/14.png
1.7533934116363525,15,record/15.png
1.8654217720031738,16,record/16.png
1.9592523574829102,17,record/17.png
2.067639112472534,18,record/18.png
2.124047040939331,19,record/19.png
2.2115840911865234,20,record/20.png
2.319275379180908,21,record/21.png
2.401414632797241,22,record/22.png
2.5337536334991455,23,record/23.png
2.634974956512451,24,record/24.png
2.717963457107544,25,record/25.png
2.8458423614501953,26,record/26.png
2.9590935707092285,27,record/27.png
3.0245604515075684,28,record/28.png
3.142080783843994,29,record/29.png
3.267305374145508,30,record/30.png
3.349644899368286,31,record/31.png
3.466146230697632,32,record/32.png
3.5296852588653564,33,record/33.png
3.6533329486846924,34,record/34.png
3.7755277156829834,35,record/35.png
3.83499813079834,36,record/36.png
3.979257106781006,37,record/37.png
4.074007987976074,38,record/38.png
4.199347734451294,39,record/39.png
4.314859628677368,40,record/40.png
4.395718812942505,41,record/41.png
4.513332843780518,42,record/42.png
4.5866851806640625,43,record/43.png
4.688520431518555,44,record/44.png
4.76409649848938,45,record/45.png
4.841083288192749,46,record/46.png
4.906899929046631,47,record/47.png
4.977436542510986,48,record/48.png
5.090545892715454,49,record/49.png
5.175217151641846,50,record/50.png
5.273935556411743,51,record/51.png
5.335399150848389,52,record/52.png
5.453891038894653,53,record/53.png
5.5227952003479,54,record/54.png
5.629618883132935,55,record/55.png
5.705780506134033,56,record/56.png
5.777208566665649,57,record/57.png
5.8306567668914795,58,record/58.png
5.905674457550049,59,record/59.png
5.995663166046143,60,record/60.png
6.097536087036133,61,record/61.png
6.1693761348724365,62,record/62.png
6.275231122970581,63,record/63.png
6.360992193222046,64,record/64.png
6.460566282272339,65,record/65.png
6.537472724914551,66,record/66.png
6.6510093212127686,67,record/67.png
6.765940189361572,68,record/68.png
6.89286470413208,69,record/69.png
6.958862066268921,70,record/70.png
7.066797494888306,71,record/71.png
7.140295028686523,72,record/72.png
7.288116216659546,73,record/73.png
7.370337724685669,74,record/74.png
7.450304746627808,75,record/75.png
7.530826807022095,76,record/76.png
7.637532472610474,77,record/77.png
7.701155662536621,78,record/78.png
7.823192358016968,79,record/79.png
7.942048072814941,80,record/80.png
8.063129186630249,81,record/81.png
8.187711000442505,82,record/82.png
8.304518699645996,83,record/83.png
8.390265226364136,84,record/84.png
8.49473786354065,85,record/85.png
8.613359451293945,86,record/86.png
8.685787200927734,87,record/87.png
8.74960970878601,88,record/88.png
8.871137619018555,89,record/89.png
8.97877812385559,90,record/90.png
9.070196151733398,91,record/91.png
9.164743185043335,92,record/92.png
9.249956369400024,93,record/93.png
9.316462993621826,94,record/94.png
9.433058977127075,95,record/95.png
9.538947105407715,96,record/96.png
9.619872808456421,97,record/97.png
9.709273338317871,98,record/98.png
9.821967124938965,99,record/99.png
9.934040069580078,100,record/100.png
10.004838228225708,101,record/101.png
10.070052862167358,102,record/102.png
10.19065260887146,103,record/103.png
10.245532512664795,104,record/104.png
10.336289644241333,105,record/105.png
10.409666776657104,106,record/106.png
10.50976848602295,107,record/107.png
10.579838752746582,108,record/108.png
10.663497924804688,109,record/109.png
10.76735782623291,110,record/110.png
10.88554310798645,111,record/111.png
11.014986276626587,112,record/112.png
11.11025619506836,113,record/113.png
11.193942546844482,114,record/114.png
11.293729305267334,115,record/115.png
11.366820335388184,116,record/116.png
11.452803373336792,117,record/117.png
11.564647436141968,118,record/118.png
11.645065546035767,119,record/119.png
11.759776830673218,120,record/120.png
11.828927278518677,121,record/121.png
11.9491286277771,122,record/122.png
12.077438354492188,123,record/123.png
12.180552959442139,124,record/124.png
12.283705234527588,125,record/125.png
12.383304119110107,126,record/126.png
12.479199647903442,127,record/127.png
12.565202474594116,128,record/128.png
12.65653944015503,129,record/129.png
12.748727798461914,130,record/130.png
12.859032392501831,131,record/131.png
12.976285457611084,132,record/132.png
13.097229957580566,133,record/133.png
13.20040774345398,134,record/134.png
13.274127006530762,135,record/135.png
13.359591960906982,136,record/136.png
13.422028541564941,137,record/137.png
13.543376922607422,138,record/138.png
13.600618600845337,139,record/139.png
13.67002558708191,140,record/140.png
13.790923833847046,141,record/141.png
13.894225358963013,142,record/142.png
13.97148585319519,143,record/143.png
14.049145460128784,144,record/144.png
14.163643598556519,145,record/145.png
14.280390501022339,146,record/146.png
14.364580392837524,147,record/147.png
14.464991092681885,148,record/148.png
14.541378259658813,149,record/149.png
14.64257526397705,150,record/150.png
14.764935731887817,151,record/151.png
14.8304443359375,152,record/152.png
14.946762561798096,153,record/153.png
15.071366786956787,154,record/154.png
15.192924499511719,155,record/155.png
15.313658714294434,156,record/156.png
15.430057048797607,157,record/157.png
15.539349794387817,158,record/158.png
15.662274599075317,159,record/159.png
15.778992176055908,160,record/160.png
15.857876777648926,161,record/161.png
15.939602375030518,162,record/162.png
16.01007103919983,163,record/163.png
16.140462636947632,164,record/164.png
16.246744632720947,165,record/165.png
16.35515785217285,166,record/166.png
16.42758584022522,167,record/167.png
16.5457284450531,168,record/168.png
16.62264585494995,169,record/169.png
16.721189498901367,170,record/170.png
16.81537628173828,171,record/171.png
16.929999113082886,172,record/172.png
17.05929398536682,173,record/173.png
17.16964316368103,174,record/174.png
17.238985061645508,175,record/175.png
17.34233021736145,176,record/176.png
17.41707706451416,177,record/177.png
17.530713319778442,178,record/178.png
17.618319034576416,179,record/179.png
17.728370666503906,180,record/180.png
17.859782218933105,181,record/181.png
17.956104278564453,182,record/182.png
18.04304814338684,183,record/183.png
18.160067558288574,184,record/184.png
18.247979402542114,185,record/185.png
18.358245611190796,186,record/186.png
18.44314169883728,187,record/187.png
18.568913459777832,188,record/188.png
18.68805241584778,189,record/189.png
18.77021551132202,190,record/190.png
18.881786108016968,191,record/191.png
18.95269799232483,192,record/192.png
19.033388137817383,193,record/193.png
19.147308349609375,194,record/194.png
19.21319580078125,195,record/195.png
19.287623405456543,196,record/196.png
19.388420581817627,197,record/197.png
19.47145652770996,198,record/198.png
19.593607902526855,199,record/199.png
19.710983991622925,200,record/200.png
19.79255986213684,201,record/201.png
19.895795345306396,202,record/202.png
19.967336893081665,203,record/203.png
20.081358432769775,204,record/204.png
20.148381233215332,205,record/205.png
20.228609561920166,206,record/206.png
20.28986954689026,207,record/207.png
20.36704134941101,208,record/208.png
20.47171950340271,209,record/209.png
20.565797090530396,210,record/210.png
20.66995596885681,211,record/211.png
20.75875496864319,212,record/212.png
20.8609836101532,213,record/213.png
20.932209968566895,214,record/214.png
20.990670919418335,215,record/215.png
21.066776990890503,216,record/216.png
21.14972162246704,217,record/217.png
21.21220302581787,218,record/218.png
21.32766556739807,219,record/219.png
21.455339670181274,220,record/220.png
21.50970196723938,221,record/221.png
21.632178783416748,222,record/222.png
21.694395780563354,223,record/223.png
21.77362871170044,224,record/224.png
21.845974922180176,225,record/225.png
21.952773571014404,226,record/226.png
22.038938760757446,227,record/227.png
22.152318239212036,228,record/228.png
22.28280210494995,229,record/229.png
22.346587657928467,230,record/230.png
22.419898509979248,231,record/231.png
22.5319561958313,232,record/232.png
22.611632585525513,233,record/233.png
22.713021516799927,234,record/234.png
22.799376249313354,235,record/235.png
22.919251441955566,236,record/236.png
23.000099658966064,237,record/237.png
23.10441303253174,238,record/238.png
23.179827451705933,239,record/239.png
23.28963828086853,240,record/240.png
23.362992525100708,241,record/241.png
23.44797134399414,242,record/242.png
23.56216335296631,243,record/243.png
23.672542095184326,244,record/244.png
23.80815625190735,245,record/245.png
23.90504217147827,246,record/246.png
23.983415126800537,247,record/247.png
24.09318232536316,248,record/248.png
24.18471670150757,249,record/249.png
24.292198181152344,250,record/250.png
24.36469602584839,251,record/251.png
24.437227964401245,252,record/252.png
24.544564485549927,253,record/253.png
24.66406536102295,254,record/254.png
24.72937321662903,255,record/255.png
24.794293880462646,256,record/256.png
24.87442970275879,257,record/257.png
24.98651885986328,258,record/258.png
25.10391592979431,259,record/259.png
25.221766471862793,260,record/260.png
25.288508653640747,261,record/261.png
25.416049242019653,262,record/262.png
25.542154788970947,263,record/263.png
25.644680738449097,264,record/264.png
25.718323945999146,265,record/265.png
25.83154821395874,266,record/266.png
25.896421194076538,267,record/267.png
26.01951289176941,268,record/268.png
26.146392345428467,269,record/269.png
26.2458279132843,270,record/270.png
26.30802845954895,271,record/271.png
26.379192113876343,272,record/272.png
26.446474075317383,273,record/273.png
26.552006483078003,274,record/274.png
26.65646719932556,275,record/275.png
26.76593589782715,276,record/276.png
26.845165967941284,277,record/277.png
26.95479702949524,278,record/278.png
27.067776441574097,279,record/279.png
27.124642610549927,280,record/280.png
27.24762511253357,281,record/281.png
27.314685583114624,282,record/282.png
27.429927349090576,283,record/283.png
27.508071184158325,284,record/284.png
27.58192467689514,285,record/285.png
27.67149043083191,286,record/286.png
27.731281995773315,287,record/287.png
27.792473077774048,288,record/288.png
27.871458768844604,289,record/289.png
27.956137657165527,290,record/290.png
28.055822372436523,291,record/291.png
28.150943994522095,292,record/292.png
28.26939058303833,293,record/293.png
28.380934476852417,294,record/294.png
28.451667547225952,295,record/295.png
28.574077367782593,296,record/296.png
28.678407669067383,297,record/297.png
28.75069308280945,298,record/298.png
28.865294218063354,299,record/299.png
28.93768000602722,300,record/300.png
29.053955078125,301,record/301.png
29.133708000183105,302,record/302.png
29.214579343795776,303,record/303.png
29.31628155708313,304,record/304.png
29.422574281692505,305,record/305.png
29.496248722076416,306,record/306.png
29.60598587989807,307,record/307.png
29.676658868789673,308,record/308.png
29.746755599975586,309,record/309.png
29.82374405860901,310,record/310.png
29.899508476257324,311,record/311.png
30.023237466812134,312,record/312.png
30.120673179626465,313,record/313.png
30.212279081344604,314,record/314.png
30.321035385131836,315,record/315.png
30.394301652908325,316,record/316.png
30.476781845092773,317,record/317.png
30.58807373046875,318,record/318.png
30.657737255096436,319,record/319.png
30.720638513565063,320,record/320.png
30.79875683784485,321,record/321.png
30.875521421432495,322,record/322.png
30.98821473121643,323,record/323.png
31.101176500320435,324,record/324.png
31.214994192123413,325,record/325.png
31.330281972885132,326,record/326.png
31.403146028518677,327,record/327.png
31.508883953094482,328,record/328.png
31.591352224349976,329,record/329.png
31.706650495529175,330,record/330.png
31.770583152770996,331,record/331.png
31.85395884513855,332,record/332.png
31.967709064483643,333,record/333.png
32.04751229286194,334,record/334.png
32.125348806381226,335,record/335.png
32.220632791519165,336,record/336.png
32.278096437454224,337,record/337.png
32.41254901885986,338,record/338.png
32.51454138755798,339,record/339.png
32.590511322021484,340,record/340.png
32.69444751739502,341,record/341.png
32.78413939476013,342,record/342.png
32.86533045768738,343,record/343.png
32.97716951370239,344,record/344.png
33.0409791469574,345,record/345.png
33.10364079475403,346,record/346.png
33.22796082496643,347,record/347.png
33.302297592163086,348,record/348.png
33.420621156692505,349,record/349.png
33.52824831008911,350,record/350.png
33.59679126739502,351,record/351.png
33.68490791320801,352,record/352.png
33.767683267593384,353,record/353.png
33.83046197891235,354,record/354.png
33.89271521568298,355,record/355.png
33.980026721954346,356,record/356.png
34.092392683029175,357,record/357.png
34.157564878463745,358,record/358.png
34.28771185874939,359,record/359.png
34.40935802459717,360,record/360.png
34.51547908782959,361,record/361.png
34.5931658744812,362,record/362.png
34.66820287704468,363,record/363.png
34.74898672103882,364,record/364.png
34.83779215812683,365,record/365.png
34.932815074920654,366,record/366.png
35.05568194389343,367,record/367.png
35.16768407821655,368,record/368.png
35.27741241455078,369,record/369.png
35.340720891952515,370,record/370.png
35.43251132965088,371,record/371.png
35.55077266693115,372,record/372.png
35.67565584182739,373,record/373.png
35.775797605514526,374,record/374.png
35.867509841918945,375,record/375.png
35.975746154785156,376,record/376.png
36.03766965866089,377,record/377.png
36.10653305053711,378,record/378.png
36.18622446060181,379,record/379.png
36.28910207748413,380,record/380.png
36.36793255805969,381,record/381.png
36.49738121032715,382,record/382.png
36.61229419708252,383,record/383.png
36.7257878780365,384,record/384.png
36.847169399261475,385,record/385.png
36.960251808166504,386,record/386.png
37.02167510986328,387,record/387.png
37.10999393463135,388,record/388.png
37.21308660507202,389,record/389.png
37.320634603500366,390,record/390.png
37.393431425094604,391,record/391.png
37.46704387664795,392,record/392.png
37.57905721664429,393,record/393.png
37.70433974266052,394,record/394.png
37.830626487731934,395,record/395.png
37.928873777389526,396,record/396.png
38.00065588951111,397,record/397.png
38.130131006240845,398,record/398.png
38.19618058204651,399,record/399.png
38.296507358551025,400,record/400.png
38.44665884971619,401,record/401.png
38.548855781555176,402,record/402.png
38.618656396865845,403,record/403.png
38.7282919883728,404,record/404.png
38.80180382728577,405,record/405.png
38.86005234718323,406,record/406.png
38.988837242126465,407,record/407.png
39.09525179862976,408,record/408.png
39.21285891532898,409,record/409.png
39.333396434783936,410,record/410.png
39.391030073165894,411,record/411.png
39.51591348648071,412,record/412.png
39.63971424102783,413,record/413.png
39.7050895690918,414,record/414.png
39.77892470359802,415,record/415.png
39.90760684013367,416,record/416.png
40.00191617012024,417,record/417.png
40.08285737037659,418,record/418.png
40.202528953552246,419,record/419.png
40.314677238464355,420,record/420.png
40.36766958236694,421,record/421.png
40.45828557014465,422,record/422.png
40.585798501968384,423,record/423.png
40.69594144821167,424,record/424.png
40.76538348197937,425,record/425.png
40.88457250595093,426,record/426.png
40.958192348480225,427,record/427.png
41.041611194610596,428,record/428.png
41.14539456367493,429,record/429.png
41.220189809799194,430,record/430.png
41.29691219329834,431,record/431.png
41.3652720451355,432,record/432.png
41.4361891746521,433,record/433.png
41.55233407020569,434,record/434.png
41.66971302032471,435,record/435.png
41.74869108200073,436,record/436.png
41.85789370536804,437,record/437.png
41.986302852630615,438,record/438.png
42.050257444381714,439,record/439.png
42.16880536079407,440,record/440.png
42.250646114349365,441,record/441.png
42.35849404335022,442,record/442.png
42.43756127357483,443,record/443.png
42.553062200546265,444,record/444.png
42.66261672973633,445,record/445.png
42.784027099609375,446,record/446.png
42.8983895778656,447,record/447.png
42.97474694252014,448,record/448.png
43.04439830780029,449,record/449.png
43.149595499038696,450,record/450.png
43.270241022109985,451,record/451.png
43.35905718803406,452,record/452.png
43.45202374458313,453,record/453.png
43.566476821899414,454,record/454.png
43.69201397895813,455,record/455.png
43.76416826248169,456,record/456.png
43.84428906440735,457,record/457.png
43.96362781524658,458,record/458.png
44.070350646972656,459,record/459.png
44.15739727020264,460,record/460.png
44.27380180358887,461,record/461.png
44.349524974823,462,record/462.png
44.46223855018616,463,record/463.png
44.56592154502869,464,record/464.png
44.63410973548889,465,record/465.png
44.70098876953125,466,record/466.png
44.76104760169983,467,record/467.png
44.852214097976685,468,record/468.png
44.965604066848755,469,record/469.png
45.05172944068909,470,record/470.png
45.16405487060547,471,record/471.png
45.27853536605835,472,record/472.png
45.35947060585022,473,record/473.png
45.46645951271057,474,record/474.png
45.569435834884644,475,record/475.png
45.64484262466431,476,record/476.png
45.701157093048096,477,record/477.png
45.78041172027588,478,record/478.png
45.864800453186035,479,record/479.png
45.98066830635071,480,record/480.png
46.0951452255249,481,record/481.png
46.21365427970886,482,record/482.png
46.283607959747314,483,record/483.png
46.3910813331604,484,record/484.png
46.46826505661011,485,record/485.png
46.58339810371399,486,record/486.png
46.6971971988678,487,record/487.png
46.80664873123169,488,record/488.png
46.87954783439636,489,record/489.png
47.00788736343384,490,record/490.png
47.12427020072937,491,record/491.png
47.23317527770996,492,record/492.png
47.29459309577942,493,record/493.png
47.3844211101532,494,record/494.png
47.49181008338928,495,record/495.png
47.61262392997742,496,record/496.png
47.750930309295654,497,record/497.png
47.862844705581665,498,record/498.png
47.964083194732666,499,record/499.png
48.04740810394287,500,record/500.png
48.146968126297,501,record/501.png
48.224552392959595,502,record/502.png
48.298890829086304,503,record/503.png
48.40846800804138,504,record/504.png
48.490378618240356,505,record/505.png
48.597007513046265,506,record/506.png
48.68874955177307,507,record/507.png
48.78932476043701,508,record/508.png
48.90784239768982,509,record/509.png
49.02466654777527,510,record/510.png
49.10069274902344,511,record/511.png
49.22721242904663,512,record/512.png
49.35200214385986,513,record/513.png
49.46351742744446,514,record/514.png
49.5703227519989,515,record/515.png
49.69091439247131,516,record/516.png
49.82289385795593,517,record/517.png
49.936209201812744,518,record/518.png
50.007084369659424,519,record/519.png
50.10787844657898,520,record/520.png
50.19942498207092,521,record/521.png
50.3204505443573,522,record/522.png
50.419832706451416,523,record/523.png
50.4983434677124,524,record/524.png
50.607550621032715,525,record/525.png
50.691734075546265,526,record/526.png
50.79067325592041,527,record/527.png
50.86171865463257,528,record/528.png
50.936777114868164,529,record/529.png
51.05211162567139,530,record/530.png
51.166308641433716,531,record/531.png
51.297293186187744,532,record/532.png
51.39277911186218,533,record/533.png
51.52134823799133,534,record/534.png
51.63612341880798,535,record/535.png
51.696502685546875,536,record/536.png
51.81281781196594,537,record/537.png
51.87582540512085,538,record/538.png
51.93990755081177,539,record/539.png
52.02116131782532,540,record/540.png
52.12760043144226,541,record/541.png
52.210364818573,542,record/542.png
52.327502965927124,543,record/543.png
52.427298069000244,544,record/544.png
52.51482152938843,545,record/545.png
52.624497413635254,546,record/546.png
52.69751954078674,547,record/547.png
52.80986404418945,548,record/548.png
52.93567109107971,549,record/549.png
52.99787378311157,550,record/550.png
53.12197542190552,551,record/551.png
53.227330684661865,552,record/552.png
53.34933948516846,553,record/553.png
53.47528076171875,554,record/554.png
53.585723876953125,555,record/555.png
53.660828828811646,556,record/556.png
53.77606964111328,557,record/557.png
53.85005307197571,558,record/558.png
53.96723484992981,559,record/559.png
54.03792476654053,560,record/560.png
54.1630003452301,561,record/561.png
54.276336431503296,562,record/562.png
54.38243770599365,563,record/563.png
54.503880739212036,564,record/564.png
54.613375425338745,565,record/565.png
54.678768157958984,566,record/566.png
54.743733644485474,567,record/567.png
54.80846285820007,568,record/568.png
54.876540184020996,569,record/569.png
54.9990119934082,570,record/570.png
55.06770396232605,571,record/571.png
55.13621711730957,572,record/572.png
55.25936460494995,573,record/573.png
55.385313510894775,574,record/574.png
55.498401403427124,575,record/575.png
55.621854066848755,576,record/576.png
55.74321413040161,577,record/577.png
55.84903597831726,578,record/578.png
55.91360116004944,579,record/579.png
55.98227548599243,580,record/580.png
56.048219442367554,581,record/581.png
56.13570547103882,582,record/582.png
56.238696336746216,583,record/583.png
56.31918549537659,584,record/584.png
56.455495834350586,585,record/585.png
56.561646461486816,586,record/586.png
56.682459592819214,587,record/587.png
56.78304123878479,588,record/588.png
56.86425185203552,589,record/589.png
57.004629611968994,590,record/590.png
57.12667798995972,591,record/591.png
57.23610806465149,592,record/592.png
57.34411907196045,593,record/593.png
57.418999910354614,594,record/594.png
57.54847025871277,595,record/595.png
57.657888412475586,596,record/596.png
57.74356007575989,597,record/597.png
57.80868673324585,598,record/598.png
57.89090538024902,599,record/599.png
57.983349561691284,600,record/600.png
58.07024645805359,601,record/601.png
58.183703899383545,602,record/602.png
58.29814696311951,603,record/603.png
58.421085596084595,604,record/604.png
58.48110818862915,605,record/605.png
58.59396171569824,606,record/606.png
58.675517559051514,607,record/607.png
58.78641939163208,608,record/608.png
58.86301517486572,609,record/609.png
58.95065140724182,610,record/610.png
59.052637815475464,611,record/611.png
59.1315131187439,612,record/612.png
59.24172043800354,613,record/613.png
59.35892939567566,614,record/614.png
59.44581890106201,615,record/615.png
59.556286096572876,616,record/616.png
59.614898681640625,617,record/617.png
59.683788776397705,618,record/618.png
59.76472735404968,619,record/619.png
59.88954138755798,620,record/620.png
59.98749232292175,621,record/621.png
60.11822509765625,622,record/622.png
60.23477506637573,623,record/623.png
60.35884928703308,624,record/624.png
60.446401834487915,625,record/625.png
60.56488847732544,626,record/626.png
60.676403522491455,627,record/627.png
60.79767966270447,628,record/628.png
60.86643576622009,629,record/629.png
60.97314810752869,630,record/630.png
61.04281497001648,631,record/631.png
61.15841603279114,632,record/632.png
61.27185034751892,633,record/633.png
61.34765553474426,634,record/634.png
61.42743897438049,635,record/635.png
61.54136109352112,636,record/636.png
61.61204767227173,637,record/637.png
61.73013687133789,638,record/638.png
61.79482555389404,639,record/639.png
61.91625428199768,640,record/640.png
62.02665686607361,641,record/641.png
62.100030183792114,642,record/642.png
62.181329011917114,643,record/643.png
62.30189085006714,644,record/644.png
62.40292692184448,645,record/645.png
62.52285552024841,646,record/646.png
62.64174032211304,647,record/647.png
62.7681303024292,648,record/648.png
62.88521599769592,649,record/649.png
62.98782825469971,650,record/650.png
63.0741240978241,651,record/651.png
63.1709885597229,652,record/652.png
63.28689908981323,653,record/653.png
63.39259624481201,654,record/654.png
63.48340725898743,655,record/655.png
63.556827783584595,656,record/656.png
63.638707399368286,657,record/657.png
63.742307901382446,658,record/658.png
63.83117485046387,659,record/659.png
63.9438419342041,660,record/660.png
64.06005120277405,661,record/661.png
64.17745637893677,662,record/662.png
64.29150295257568,663,record/663.png
64.38022375106812,664,record/664.png
64.49481630325317,665,record/665.png
64.55656933784485,666,record/666.png
64.6319465637207,667,record/667.png
64.74696326255798,668,record/668.png
64.8615448474884,669,record/669.png
64.92570376396179,670,record/670.png
65.00095462799072,671,record/671.png
65.11332440376282,672,record/672.png
65.23106002807617,673,record/673.png
65.30605697631836,674,record/674.png
65.38188767433167,675,record/675.png
65.49686789512634,676,record/676.png
65.56662678718567,677,record/677.png
65.6902687549591,678,record/678.png
65.80992841720581,679,record/679.png
65.91789674758911,680,record/680.png
66.01149702072144,681,record/681.png
66.11814618110657,682,record/682.png
66.23601794242859,683,record/683.png
66.35571336746216,684,record/684.png
66.47710919380188,685,record/685.png
66.58795809745789,686,record/686.png
66.64615488052368,687,record/687.png
66.72297787666321,688,record/688.png
66.83733701705933,689,record/689.png
66.96424460411072,690,record/690.png
67.02515149116516,691,record/691.png
67.14645719528198,692,record/692.png
67.22526383399963,693,record/693.png
67.3235228061676,694,record/694.png
67.44031429290771,695,record/695.png
67.55947422981262,696,record/696.png
67.6392011642456,697,record/697.png
67.73094916343689,698,record/698.png
67.8141405582428,699,record/699.png
67.92668104171753,700,record/700.png
68.03997921943665,701,record/701.png
68.10508012771606,702,record/702.png
68.23229694366455,703,record/703.png
68.34267401695251,704,record/704.png
68.42369627952576,705,record/705.png
68.49506139755249,706,record/706.png
68.56519103050232,707,record/707.png
68.64575123786926,708,record/708.png
68.74463176727295,709,record/709.png
68.82484745979309,710,record/710.png
68.93072175979614,711,record/711.png
69.00293922424316,712,record/712.png
69.11817765235901,713,record/713.png
69.23275089263916,714,record/714.png
69.30250096321106,715,record/715.png
69.38647198677063,716,record/716.png
69.4946219921112,717,record/717.png
69.61264991760254,718,record/718.png
69.67407774925232,719,record/719.png
69.80179905891418,720,record/720.png
69.9061164855957,721,record/721.png
69.99742102622986,722,record/722.png
70.10968112945557,723,record/723.png
70.22932505607605,724,record/724.png
70.30116081237793,725,record/725.png
70.36138439178467,726,record/726.png
70.43247365951538,727,record/727.png
70.55109167098999,728,record/728.png
70.67922115325928,729,record/729.png
70.80624127388,730,record/730.png
70.92158675193787,731,record/731.png
71.00701141357422,732,record/732.png
71.09877038002014,733,record/733.png
71.17371344566345,734,record/734.png
71.27701926231384,735,record/735.png
71.36046314239502,736,record/736.png
71.43688464164734,737,record/737.png
71.56145906448364,738,record/738.png
71.67745661735535,739,record/739.png
71.74695110321045,740,record/740.png
71.85321068763733,741,record/741.png
71.92910575866699,742,record/742.png
72.03889989852905,743,record/743.png
72.1507682800293,744,record/744.png
72.28896689414978,745,record/745.png
72.39409637451172,746,record/746.png
72.51775217056274,747,record/747.png
72.62463617324829,748,record/748.png
72.71137857437134,749,record/749.png
72.82902574539185,750,record/750.png
72.8949875831604,751,record/751.png
73.01017022132874,752,record/752.png
73.09859275817871,753,record/753.png
73.20648503303528,754,record/754.png
73.3069498538971,755,record/755.png
73.38660788536072,756,record/756.png
73.49674606323242,757,record/757.png
73.56768226623535,758,record/758.png
73.65097784996033,759,record/759.png
73.7707827091217,760,record/760.png
73.87966012954712,761,record/761.png
74.00366520881653,762,record/762.png
74.12096309661865,763,record/763.png
74.19911527633667,764,record/764.png
74.3087866306305,765,record/765.png
74.38818788528442,766,record/766.png
74.49359583854675,767,record/767.png
74.58349323272705,768,record/768.png
74.69346642494202,769,record/769.png
74.81539583206177,770,record/770.png
74.91828775405884,771,record/771.png
74.9960925579071,772,record/772.png
75.07082748413086,773,record/773.png
75.15689659118652,774,record/774.png
75.26087188720703,775,record/775.png
75.33009576797485,776,record/776.png
75.44336986541748,777,record/777.png
75.5533721446991,778,record/778.png
75.63842511177063,779,record/779.png
75.745609998703,780,record/780.png
75.81251406669617,781,record/781.png
75.92760372161865,782,record/782.png
76.00923466682434,783,record/783.png
76.13269305229187,784,record/784.png
76.25159859657288,785,record/785.png
76.36132526397705,786,record/786.png
76.47651147842407,787,record/787.png
76.56127405166626,788,record/788.png
76.62658786773682,789,record/789.png
76.75515341758728,790,record/790.png
76.82729148864746,791,record/791.png
76.93986582756042,792,record/792.png
77.05157041549683,793,record/793.png
77.15761232376099,794,record/794.png
77.23701310157776,795,record/795.png
77.30875396728516,796,record/796.png
77.42228746414185,797,record/797.png
77.51223564147949,798,record/798.png
77.61276435852051,799,record/799.png
77.70294499397278,800,record/800.png
77.80868124961853,801,record/801.png
77.88088250160217,802,record/802.png
77.98951768875122,803,record/803.png
78.11091160774231,804,record/804.png
78.22453022003174,805,record/805.png
78.29790997505188,806,record/806.png
78.40414667129517,807,record/807.png
78.49442386627197,808,record/808.png
78.60255169868469,809,record/809.png
78.67321014404297,810,record/810.png
78.78749394416809,811,record/811.png
78.86229991912842,812,record/812.png
78.98602890968323,813,record/813.png
79.095294713974,814,record/814.png
79.20804333686829,815,record/815.png
79.28192281723022,816,record/816.png
79.38985347747803,817,record/817.png
79.5150854587555,818,record/818.png
79.6403455734253,819,record/819.png
79.7575159072876,820,record/820.png
79.88721823692322,821,record/821.png
80.00329113006592,822,record/822.png
80.08288168907166,823,record/823.png
80.1500792503357,824,record/824.png
80.22318816184998,825,record/825.png
80.3313398361206,826,record/826.png
80.39698433876038,827,record/827.png
80.47536444664001,828,record/828.png
80.53376317024231,829,record/829.png
80.59978365898132,830,record/830.png
80.71927189826965,831,record/831.png
80.80641889572144,832,record/832.png
80.91456890106201,833,record/833.png
81.0359833240509,834,record/834.png
81.15035367012024,835,record/835.png
81.26333165168762,836,record/836.png
81.33998131752014,837,record/837.png
81.44561266899109,838,record/838.png
81.56339025497437,839,record/839.png
81.67363500595093,840,record/840.png
81.74824023246765,841,record/841.png
81.83274722099304,842,record/842.png
81.93263912200928,843,record/843.png
82.04449081420898,844,record/844.png
82.1292679309845,845,record/845.png
82.24706149101257,846,record/846.png
82.32695269584656,847,record/847.png
82.44391202926636,848,record/848.png
82.5191924571991,849,record/849.png
82.58809328079224,850,record/850.png
82.70607376098633,851,record/851.png
82.77505707740784,852,record/852.png
82.8934998512268,853,record/853.png
83.00535607337952,854,record/854.png
83.11865043640137,855,record/855.png
83.19310641288757,856,record/856.png
83.32070684432983,857,record/857.png
83.41989278793335,858,record/858.png
83.54889559745789,859,record/859.png
83.65823006629944,860,record/860.png
83.7705147266388,861,record/861.png
83.85094451904297,862,record/862.png
83.93525266647339,863,record/863.png
84.03206992149353,864,record/864.png
84.10715389251709,865,record/865.png
84.1929144859314,866,record/866.png
84.29505228996277,867,record/867.png
84.37254762649536,868,record/868.png
84.42893862724304,869,record/869.png
84.50510740280151,870,record/870.png
84.57998013496399,871,record/871.png
84.7029447555542,872,record/872.png
84.76037454605103,873,record/873.png
84.83857345581055,874,record/874.png
84.90906429290771,875,record/875.png
85.02424025535583,876,record/876.png
85.08842301368713,877,record/877.png
85.19064402580261,878,record/878.png
85.26932954788208,879,record/879.png
85.34716033935547,880,record/880.png
85.43251752853394,881,record/881.png
85.54435133934021,882,record/882.png
85.60586810112,883,record/883.png
85.67509698867798,884,record/884.png
85.75181913375854,885,record/885.png
85.8685839176178,886,record/886.png
85.9340295791626,887,record/887.png
86.04573583602905,888,record/888.png
86.13935613632202,889,record/889.png
86.2464005947113,890,record/890.png
86.3551676273346,891,record/891.png
86.43063831329346,892,record/892.png
86.49897122383118,893,record/893.png
86.57150530815125,894,record/894.png
86.64252257347107,895,record/895.png
86.74784684181213,896,record/896.png
86.8239095211029,897,record/897.png
86.94886612892151,898,record/898.png
87.01780366897583,899,record/899.png
87.13191866874695,900,record/900.png
87.21192717552185,901,record/901.png
87.27634358406067,902,record/902.png
87.38175463676453,903,record/903.png
87.45605492591858,904,record/904.png
87.52889561653137,905,record/905.png
87.63685131072998,906,record/906.png
87.71253705024719,907,record/907.png
87.82754611968994,908,record/908.png
87.92808961868286,909,record/909.png
88.00896549224854,910,record/910.png
88.12308382987976,911,record/911.png
88.2032482624054,912,record/912.png
88.29895234107971,913,record/913.png
88.38715839385986,914,record/914.png
88.49659991264343,915,record/915.png
88.5785448551178,916,record/916.png
88.68073391914368,917,record/917.png
88.76778864860535,918,record/918.png
88.83420920372009,919,record/919.png
88.91195964813232,920,record/920.png
89.02374958992004,921,record/921.png
