0.19283080101013184,0,record/0.png
0.308682918548584,1,record/1.png
0.4078221321105957,2,record/2.png
0.5066442489624023,3,record/3.png
0.6080753803253174,4,record/4.png
0.7091724872589111,5,record/5.png
0.8054287433624268,6,record/6.png
0.9090478420257568,7,record/7.png
1.0390193462371826,8,record/8.png
1.139033317565918,9,record/9.png
1.241076946258545,10,record/10.png
1.3387830257415771,11,record/11.png
1.4411611557006836,12,record/12.png
1.5461046695709229,13,record/13.png
1.6401252746582031,14,record/14.png
1.741285800933838,15,record/15.png
1.8814449310302734,16,record/16.png
1.9783217906951904,17,record/17.png
2.0814340114593506,18,record/18.png
2.1650893688201904,19,record/19.png
2.2587733268737793,20,record/20.png
2.369440793991089,21,record/21.png
2.471395492553711,22,record/22.png
2.5659215450286865,23,record/23.png
2.811171531677246,24,record/24.png
2.9682557582855225,25,record/25.png
3.0730016231536865,26,record/26.png
3.1737747192382812,27,record/27.png
3.2740063667297363,28,record/28.png
3.3758132457733154,29,record/29.png
3.473155975341797,30,record/30.png
3.564117670059204,31,record/31.png
3.658297061920166,32,record/32.png
3.754420280456543,33,record/33.png
3.828913688659668,34,record/34.png
3.9294450283050537,35,record/35.png
4.035104990005493,36,record/36.png
4.1356096267700195,37,record/37.png
4.235533714294434,38,record/38.png
4.334422588348389,39,record/39.png
4.432925224304199,40,record/40.png
4.573971271514893,41,record/41.png
4.8398919105529785,42,record/42.png
5.076064825057983,43,record/43.png
5.276425361633301,44,record/44.png
5.436094284057617,45,record/45.png
5.902308702468872,46,record/46.png
6.206631183624268,47,record/47.png
6.297172784805298,48,record/48.png
6.4971160888671875,49,record/49.png
6.649194240570068,50,record/50.png
6.8712098598480225,51,record/51.png
6.960935354232788,52,record/52.png
7.0608484745025635,53,record/53.png
7.262316942214966,54,record/54.png
7.47084641456604,55,record/55.png
8.066186666488647,56,record/56.png
8.413450956344604,57,record/57.png
8.508010149002075,58,record/58.png
8.715978384017944,59,record/59.png
8.87933897972107,60,record/60.png
9.081261396408081,61,record/61.png
9.249266386032104,62,record/62.png
9.379265308380127,63,record/63.png
9.51200532913208,64,record/64.png
9.6432945728302,65,record/65.png
9.776814460754395,66,record/66.png
9.880693674087524,67,record/67.png
10.04543924331665,68,record/68.png
10.226470232009888,69,record/69.png
10.336247682571411,70,record/70.png
10.442241668701172,71,record/71.png
10.53881311416626,72,record/72.png
10.639428615570068,73,record/73.png
10.74412202835083,74,record/74.png
10.870805501937866,75,record/75.png
10.972489595413208,76,record/76.png
11.108505010604858,77,record/77.png
11.241737604141235,78,record/78.png
11.339604616165161,79,record/79.png
11.441574573516846,80,record/80.png
11.569045066833496,81,record/81.png
11.680897235870361,82,record/82.png
11.810272693634033,83,record/83.png
11.944210290908813,84,record/84.png
12.083501100540161,85,record/85.png
12.215246200561523,86,record/86.png
12.344989776611328,87,record/87.png
12.475923299789429,88,record/88.png
12.611387252807617,89,record/89.png
12.717188358306885,90,record/90.png
12.877855062484741,91,record/91.png
12.980740785598755,92,record/92.png
13.110400199890137,93,record/93.png
13.347333431243896,94,record/94.png
13.478776693344116,95,record/95.png
13.629934310913086,96,record/96.png
13.78484034538269,97,record/97.png
13.910326480865479,98,record/98.png
14.048608541488647,99,record/99.png
14.180770635604858,100,record/100.png
14.30913519859314,101,record/101.png
14.447508811950684,102,record/102.png
14.615140914916992,103,record/103.png
14.745452880859375,104,record/104.png
14.882802724838257,105,record/105.png
15.011327028274536,106,record/106.png
15.145588636398315,107,record/107.png
15.2784903049469,108,record/108.png
15.415174722671509,109,record/109.png
15.54748797416687,110,record/110.png
15.678571701049805,111,record/111.png
15.81066370010376,112,record/112.png
15.944181203842163,113,record/113.png
16.07855749130249,114,record/114.png
16.214667320251465,115,record/115.png
16.346940517425537,116,record/116.png
16.478665590286255,117,record/117.png
16.611387014389038,118,record/118.png
16.744220733642578,119,record/119.png
16.880077123641968,120,record/120.png
17.011861085891724,121,record/121.png
17.176978826522827,122,record/122.png
17.3113853931427,123,record/123.png
17.4479398727417,124,record/124.png
17.576761722564697,125,record/125.png
17.71351647377014,126,record/126.png
17.881640195846558,127,record/127.png
18.013270378112793,128,record/128.png
18.145564794540405,129,record/129.png
18.379170894622803,130,record/130.png
18.509268522262573,131,record/131.png
18.78147315979004,132,record/132.png
19.178056240081787,133,record/133.png
19.373751878738403,134,record/134.png
19.572298049926758,135,record/135.png
19.780105113983154,136,record/136.png
20.00871968269348,137,record/137.png
20.24788188934326,138,record/138.png
20.380988359451294,139,record/139.png
20.705039501190186,140,record/140.png
20.809873819351196,141,record/141.png
21.144521474838257,142,record/142.png
21.378577709197998,143,record/143.png
21.546443939208984,144,record/144.png
21.77710771560669,145,record/145.png
22.013794660568237,146,record/146.png
22.260866403579712,147,record/147.png
22.514399766921997,148,record/148.png
22.747193813323975,149,record/149.png
22.849837064743042,150,record/150.png
23.065993785858154,151,record/151.png
23.301554203033447,152,record/152.png
23.61813449859619,153,record/153.png
23.827024698257446,154,record/154.png
23.940452814102173,155,record/155.png
24.04715132713318,156,record/156.png
24.175382137298584,157,record/157.png
24.274256229400635,158,record/158.png
24.379087209701538,159,record/159.png
24.515770435333252,160,record/160.png
24.642101287841797,161,record/161.png
24.77169704437256,162,record/162.png
24.8763747215271,163,record/163.png
25.00611972808838,164,record/164.png
25.138548612594604,165,record/165.png
25.261006355285645,166,record/166.png
25.37364673614502,167,record/167.png
25.46955394744873,168,record/168.png
25.570147037506104,169,record/169.png
25.674834489822388,170,record/170.png
25.773794889450073,171,record/171.png
25.87918448448181,172,record/172.png
26.008033990859985,173,record/173.png
26.14648127555847,174,record/174.png
26.278575897216797,175,record/175.png
26.409086227416992,176,record/176.png
26.545623779296875,177,record/177.png
26.673747062683105,178,record/178.png
26.776121616363525,179,record/179.png
26.914125680923462,180,record/180.png
27.073487758636475,181,record/181.png
27.17591881752014,182,record/182.png
27.270001888275146,183,record/183.png
27.37670588493347,184,record/184.png
27.5019588470459,185,record/185.png
27.639466285705566,186,record/186.png
27.740328073501587,187,record/187.png
27.83763027191162,188,record/188.png
27.966853857040405,189,record/189.png
28.074007511138916,190,record/190.png
28.210558891296387,191,record/191.png
28.34047031402588,192,record/192.png
28.442359685897827,193,record/193.png
28.54289221763611,194,record/194.png
28.678823947906494,195,record/195.png
28.846381187438965,196,record/196.png
29.009687662124634,197,record/197.png
29.174762964248657,198,record/198.png
29.311740159988403,199,record/199.png
29.469415187835693,200,record/200.png
29.607911586761475,201,record/201.png
29.708805799484253,202,record/202.png
29.801450729370117,203,record/203.png
29.899699211120605,204,record/204.png
30.00082492828369,205,record/205.png
30.10436487197876,206,record/206.png
30.205040216445923,207,record/207.png
30.311500549316406,208,record/208.png
30.475889205932617,209,record/209.png
30.779940605163574,210,record/210.png
30.911876916885376,211,record/211.png
31.045425415039062,212,record/212.png
31.178059577941895,213,record/213.png
31.307228326797485,214,record/214.png
31.4443678855896,215,record/215.png
31.57599425315857,216,record/216.png
31.714051961898804,217,record/217.png
31.84364366531372,218,record/218.png
31.977844953536987,219,record/219.png
32.10929584503174,220,record/220.png
32.248258113861084,221,record/221.png
32.37858462333679,222,record/222.png
32.555617332458496,223,record/223.png
32.67747163772583,224,record/224.png
32.799323320388794,225,record/225.png
32.90370845794678,226,record/226.png
32.99765372276306,227,record/227.png
33.101722240448,228,record/228.png
33.206671714782715,229,record/229.png
33.34194087982178,230,record/230.png
33.46085786819458,231,record/231.png
33.57830786705017,232,record/232.png
33.711649656295776,233,record/233.png
33.84259033203125,234,record/234.png
33.973698139190674,235,record/235.png
34.10819888114929,236,record/236.png
34.24813389778137,237,record/237.png
34.3792142868042,238,record/238.png
34.50852942466736,239,record/239.png
34.64182734489441,240,record/240.png
34.775341272354126,241,record/241.png
34.90152144432068,242,record/242.png
35.04595923423767,243,record/243.png
35.17504358291626,244,record/244.png
35.3062629699707,245,record/245.png
35.43642973899841,246,record/246.png
35.55606412887573,247,record/247.png
35.67645525932312,248,record/248.png
35.808501958847046,249,record/249.png
35.945955991744995,250,record/250.png
36.07620596885681,251,record/251.png
36.210963010787964,252,record/252.png
36.342682123184204,253,record/253.png
36.4769229888916,254,record/254.png
36.599302530288696,255,record/255.png
36.729612588882446,256,record/256.png
36.83479309082031,257,record/257.png
36.93607258796692,258,record/258.png
37.034887075424194,259,record/259.png
37.13599109649658,260,record/260.png
37.23452615737915,261,record/261.png
37.338125467300415,262,record/262.png
37.43868064880371,263,record/263.png
37.575844287872314,264,record/264.png
37.709957122802734,265,record/265.png
37.84862661361694,266,record/266.png
37.97435998916626,267,record/267.png
38.1093807220459,268,record/268.png
38.242830753326416,269,record/269.png
38.37904167175293,270,record/270.png
38.51212763786316,271,record/271.png
38.781329870224,272,record/272.png
39.01305961608887,273,record/273.png
39.26289963722229,274,record/274.png
39.52594065666199,275,record/275.png
39.730971813201904,276,record/276.png
39.84265375137329,277,record/277.png
40.07464957237244,278,record/278.png
40.4643189907074,279,record/279.png
40.59551191329956,280,record/280.png
40.83322858810425,281,record/281.png
41.06831741333008,282,record/282.png
41.24822974205017,283,record/283.png
41.37921094894409,284,record/284.png
41.50897932052612,285,record/285.png
41.89236569404602,286,record/286.png
42.007970094680786,287,record/287.png
42.27469563484192,288,record/288.png
42.506267786026,289,record/289.png
42.77511644363403,290,record/290.png
42.98511290550232,291,record/291.png
43.10971665382385,292,record/292.png
43.30184006690979,293,record/293.png
43.4133665561676,294,record/294.png
43.502204179763794,295,record/295.png
43.736210107803345,296,record/296.png
43.89767241477966,297,record/297.png
44.116074562072754,298,record/298.png
44.25147008895874,299,record/299.png
44.49486994743347,300,record/300.png
44.703057050704956,301,record/301.png
44.86892318725586,302,record/302.png
44.99240469932556,303,record/303.png
45.107755184173584,304,record/304.png
45.2346875667572,305,record/305.png
45.326475620269775,306,record/306.png
45.426122188568115,307,record/307.png
45.53401184082031,308,record/308.png
45.63119697570801,309,record/309.png
45.730663537979126,310,record/310.png
45.873963356018066,311,record/311.png
46.00592541694641,312,record/312.png
46.13800263404846,313,record/313.png
46.24117946624756,314,record/314.png
46.37793707847595,315,record/315.png
46.509753465652466,316,record/316.png
46.68490767478943,317,record/317.png
47.007648229599,318,record/318.png
47.1365487575531,319,record/319.png
47.238043546676636,320,record/320.png
47.33539032936096,321,record/321.png
47.438084840774536,322,record/322.png
47.54009175300598,323,record/323.png
47.6696982383728,324,record/324.png
47.76312208175659,325,record/325.png
47.87033247947693,326,record/326.png
47.99713444709778,327,record/327.png
48.104891777038574,328,record/328.png
48.211541175842285,329,record/329.png
48.340816020965576,330,record/330.png
48.47383952140808,331,record/331.png
48.60882616043091,332,record/332.png
48.74557948112488,333,record/333.png
48.92058730125427,334,record/334.png
49.074472427368164,335,record/335.png
49.19424390792847,336,record/336.png
49.29253578186035,337,record/337.png
49.39350152015686,338,record/338.png
49.493741273880005,339,record/339.png
49.59538125991821,340,record/340.png
49.703184604644775,341,record/341.png
49.83471131324768,342,record/342.png
49.97509813308716,343,record/343.png
50.10785126686096,344,record/344.png
50.20871329307556,345,record/345.png
50.34065127372742,346,record/346.png
50.47283124923706,347,record/347.png
50.608513832092285,348,record/348.png
50.74048686027527,349,record/349.png
50.876351833343506,350,record/350.png
51.005982398986816,351,record/351.png
51.14103150367737,352,record/352.png
51.272305727005005,353,record/353.png
51.409388303756714,354,record/354.png
51.54419445991516,355,record/355.png
51.71151304244995,356,record/356.png
51.944151639938354,357,record/357.png
52.07184386253357,358,record/358.png
52.17777395248413,359,record/359.png
52.30961751937866,360,record/360.png
52.442381381988525,361,record/361.png
52.577913999557495,362,record/362.png
52.7122061252594,363,record/363.png
52.87850737571716,364,record/364.png
53.005404472351074,365,record/365.png
53.14047574996948,366,record/366.png
53.2741219997406,367,record/367.png
53.4136323928833,368,record/368.png
53.54540753364563,369,record/369.png
53.67510724067688,370,record/370.png
53.806248903274536,371,record/371.png
53.941166162490845,372,record/372.png
54.07140040397644,373,record/373.png
54.2104332447052,374,record/374.png
54.34394407272339,375,record/375.png
54.47407388687134,376,record/376.png
54.60824131965637,377,record/377.png
54.74149751663208,378,record/378.png
54.87794494628906,379,record/379.png
55.04591488838196,380,record/380.png
55.17538285255432,381,record/381.png
55.30901098251343,382,record/382.png
55.443942070007324,383,record/383.png
55.57304382324219,384,record/384.png
55.710676193237305,385,record/385.png
55.850685596466064,386,record/386.png
56.01148295402527,387,record/387.png
56.13974714279175,388,record/388.png
56.274519205093384,389,record/389.png
56.405625343322754,390,record/390.png
56.54540729522705,391,record/391.png
56.67790651321411,392,record/392.png
56.840259075164795,393,record/393.png
57.10681486129761,394,record/394.png
57.208980083465576,395,record/395.png
57.34083700180054,396,record/396.png
57.4722318649292,397,record/397.png
57.643105030059814,398,record/398.png
57.80853819847107,399,record/399.png
57.941248178482056,400,record/400.png
58.04515290260315,401,record/401.png
58.17630910873413,402,record/402.png
58.311076402664185,403,record/403.png
58.44398331642151,404,record/404.png
58.57977914810181,405,record/405.png
58.71147394180298,406,record/406.png
58.84633183479309,407,record/407.png
58.97398018836975,408,record/408.png
59.110008001327515,409,record/409.png
59.24409365653992,410,record/410.png
59.41960406303406,411,record/411.png
59.579898834228516,412,record/412.png
59.711812019348145,413,record/413.png
59.842326641082764,414,record/414.png
59.974015951156616,415,record/415.png
60.109116077423096,416,record/416.png
60.23941445350647,417,record/417.png
60.39571189880371,418,record/418.png
60.53826856613159,419,record/419.png
60.75301265716553,420,record/420.png
61.07421612739563,421,record/421.png
61.5207724571228,422,record/422.png
61.8059401512146,423,record/423.png
62.141818046569824,424,record/424.png
62.51670837402344,425,record/425.png
62.755281925201416,426,record/426.png
62.99566960334778,427,record/427.png
63.140573501586914,428,record/428.png
63.36405944824219,429,record/429.png
63.60490107536316,430,record/430.png
63.83251476287842,431,record/431.png
63.994093894958496,432,record/432.png
64.20834493637085,433,record/433.png
64.44918465614319,434,record/434.png
64.57517170906067,435,record/435.png
64.80084466934204,436,record/436.png
64.9665195941925,437,record/437.png
65.20532751083374,438,record/438.png
65.34454774856567,439,record/439.png
65.47594094276428,440,record/440.png
66.04142189025879,441,record/441.png
66.30954384803772,442,record/442.png
66.54216480255127,443,record/443.png
66.77774548530579,444,record/444.png
66.9535117149353,445,record/445.png
67.0845308303833,446,record/446.png
67.48819875717163,447,record/447.png
67.64148187637329,448,record/448.png
67.86495471000671,449,record/449.png
68.03285837173462,450,record/450.png
68.67798256874084,451,record/451.png
68.97389006614685,452,record/452.png
69.2108826637268,453,record/453.png
69.42041373252869,454,record/454.png
69.64755153656006,455,record/455.png
69.90505862236023,456,record/456.png
70.14302682876587,457,record/457.png
70.3613018989563,458,record/458.png
70.49022483825684,459,record/459.png
70.71453094482422,460,record/460.png
70.91786003112793,461,record/461.png
71.14467215538025,462,record/462.png
71.32345724105835,463,record/463.png
71.43960952758789,464,record/464.png
71.55690932273865,465,record/465.png
71.71125793457031,466,record/466.png
71.8425509929657,467,record/467.png
71.97265267372131,468,record/468.png
72.10409641265869,469,record/469.png
72.20885705947876,470,record/470.png
72.34046268463135,471,record/471.png
72.46207475662231,472,record/472.png
72.69822931289673,473,record/473.png
72.83643841743469,474,record/474.png
72.94324851036072,475,record/475.png
73.03566789627075,476,record/476.png
73.14483594894409,477,record/477.png
73.26410627365112,478,record/478.png
73.36697435379028,479,record/479.png
73.48002219200134,480,record/480.png
73.65338850021362,481,record/481.png
73.76524686813354,482,record/482.png
73.87120962142944,483,record/483.png
73.99869465827942,484,record/484.png
74.0987777709961,485,record/485.png
74.19946718215942,486,record/486.png
74.29783630371094,487,record/487.png
74.42071175575256,488,record/488.png
74.60531497001648,489,record/489.png
74.72277617454529,490,record/490.png
74.8632242679596,491,record/491.png
74.98890042304993,492,record/492.png
75.11582112312317,493,record/493.png
75.24006366729736,494,record/494.png
75.37947368621826,495,record/495.png
75.52295279502869,496,record/496.png
75.67516231536865,497,record/497.png
75.80765652656555,498,record/498.png
75.94766211509705,499,record/499.png
76.07931900024414,500,record/500.png
76.24163699150085,501,record/501.png
76.3775782585144,502,record/502.png
76.5116879940033,503,record/503.png
76.64858889579773,504,record/504.png
76.78572964668274,505,record/505.png
76.92892646789551,506,record/506.png
77.06206250190735,507,record/507.png
77.18413829803467,508,record/508.png
77.311838388443,509,record/509.png
77.44605994224548,510,record/510.png
77.67978882789612,511,record/511.png
77.84972929954529,512,record/512.png
77.97802734375,513,record/513.png
78.10584926605225,514,record/514.png
78.2068338394165,515,record/515.png
78.33476996421814,516,record/516.png
78.43590331077576,517,record/517.png
78.55950021743774,518,record/518.png
78.73258781433105,519,record/519.png
78.90552020072937,520,record/520.png
79.04219651222229,521,record/521.png
79.17161440849304,522,record/522.png
79.30360007286072,523,record/523.png
79.4375548362732,524,record/524.png
79.54862475395203,525,record/525.png
79.67694783210754,526,record/526.png
79.84102058410645,527,record/527.png
79.97213292121887,528,record/528.png
80.10827016830444,529,record/529.png
80.24056792259216,530,record/530.png
80.37765693664551,531,record/531.png
80.50794386863708,532,record/532.png
80.64889526367188,533,record/533.png
80.77222084999084,534,record/534.png
80.90559458732605,535,record/535.png
81.04474687576294,536,record/536.png
81.17119407653809,537,record/537.png
81.31454157829285,538,record/538.png
81.47740459442139,539,record/539.png
81.64258289337158,540,record/540.png
81.77292585372925,541,record/541.png
81.90657138824463,542,record/542.png
82.046217918396,543,record/543.png
82.16382575035095,544,record/544.png
82.26516461372375,545,record/545.png
82.36546421051025,546,record/546.png
82.49345803260803,547,record/547.png
82.6384630203247,548,record/548.png
82.76389980316162,549,record/549.png
82.8668155670166,550,record/550.png
82.96840023994446,551,record/551.png
83.06617832183838,552,record/552.png
83.1705093383789,553,record/553.png
83.30081129074097,554,record/554.png
83.43114304542542,555,record/555.png
83.58146715164185,556,record/556.png
83.74036502838135,557,record/557.png
83.90926694869995,558,record/558.png
84.07961416244507,559,record/559.png
84.20851874351501,560,record/560.png
84.33682155609131,561,record/561.png
84.46574664115906,562,record/562.png
84.56723690032959,563,record/563.png
84.69695138931274,564,record/564.png
84.79377341270447,565,record/565.png
84.93251204490662,566,record/566.png
85.03733444213867,567,record/567.png
85.168771982193,568,record/568.png
85.27027750015259,569,record/569.png
85.37182879447937,570,record/570.png
85.50384879112244,571,record/571.png
85.64146852493286,572,record/572.png
85.80474209785461,573,record/573.png
86.00278377532959,574,record/574.png
86.17281699180603,575,record/575.png
86.30280637741089,576,record/576.png
86.43634986877441,577,record/577.png
86.57926726341248,578,record/578.png
86.7097978591919,579,record/579.png
86.83951020240784,580,record/580.png
86.97981762886047,581,record/581.png
87.11902236938477,582,record/582.png
87.25945472717285,583,record/583.png
87.37547254562378,584,record/584.png
87.51083993911743,585,record/585.png
87.63086271286011,586,record/586.png
87.734454870224,587,record/587.png
87.83379554748535,588,record/588.png
87.93246793746948,589,record/589.png
88.03422331809998,590,record/590.png
88.17079520225525,591,record/591.png
88.3066816329956,592,record/592.png
88.4387435913086,593,record/593.png
88.57234215736389,594,record/594.png
88.70797991752625,595,record/595.png
88.83844137191772,596,record/596.png
89.00567102432251,597,record/597.png
89.18949913978577,598,record/598.png
89.30548977851868,599,record/599.png
89.45894455909729,600,record/600.png
89.56557869911194,601,record/601.png
89.69355320930481,602,record/602.png
89.79345035552979,603,record/603.png
89.89187598228455,604,record/604.png
90.06160926818848,605,record/605.png
90.19575071334839,606,record/606.png
90.30574083328247,607,record/607.png
90.43730282783508,608,record/608.png
90.66449165344238,609,record/609.png
90.90623784065247,610,record/610.png
91.18881344795227,611,record/611.png
91.38910412788391,612,record/612.png
91.63116359710693,613,record/613.png
91.86416530609131,614,record/614.png
92.0911512374878,615,record/615.png
92.23088765144348,616,record/616.png
92.32765984535217,617,record/617.png
92.52888560295105,618,record/618.png
92.627112865448,619,record/619.png
92.8592357635498,620,record/620.png
93.11013722419739,621,record/621.png
93.26980924606323,622,record/622.png
93.49682903289795,623,record/623.png
93.59816288948059,624,record/624.png
93.82781434059143,625,record/625.png
93.93944573402405,626,record/626.png
94.03371524810791,627,record/627.png
94.12974882125854,628,record/628.png
94.23131346702576,629,record/629.png
94.33095359802246,630,record/630.png
94.43394088745117,631,record/631.png
94.69020509719849,632,record/632.png
94.90896272659302,633,record/633.png
95.15375185012817,634,record/634.png
95.40978217124939,635,record/635.png
95.67432284355164,636,record/636.png
95.91076374053955,637,record/637.png
96.14876675605774,638,record/638.png
96.38638544082642,639,record/639.png
96.52049994468689,640,record/640.png
96.75646543502808,641,record/641.png
96.93299603462219,642,record/642.png
97.16693449020386,643,record/643.png
97.4073212146759,644,record/644.png
97.57923126220703,645,record/645.png
97.74348831176758,646,record/646.png
97.87335205078125,647,record/647.png
98.00606799125671,648,record/648.png
98.13780117034912,649,record/649.png
98.26921391487122,650,record/650.png
98.37598705291748,651,record/651.png
98.53314805030823,652,record/652.png
98.79182696342468,653,record/653.png
99.04053521156311,654,record/654.png
99.28091335296631,655,record/655.png
99.43869352340698,656,record/656.png
99.91341137886047,657,record/657.png
100.29721927642822,658,record/658.png
100.42455291748047,659,record/659.png
100.65814018249512,660,record/660.png
100.80497646331787,661,record/661.png
101.03946113586426,662,record/662.png
101.29564142227173,663,record/663.png
101.53021836280823,664,record/664.png
101.63734269142151,665,record/665.png
101.8683807849884,666,record/666.png
101.99367046356201,667,record/667.png
102.1032075881958,668,record/668.png
102.49835753440857,669,record/669.png
102.80293130874634,670,record/670.png
102.9645619392395,671,record/671.png
103.20353579521179,672,record/672.png
103.32875275611877,673,record/673.png
103.42704939842224,674,record/674.png
103.53737711906433,675,record/675.png
103.69828677177429,676,record/676.png
103.79855227470398,677,record/677.png
103.93033242225647,678,record/678.png
104.03225779533386,679,record/679.png
104.13200354576111,680,record/680.png
104.23257756233215,681,record/681.png
104.3348639011383,682,record/682.png
104.43694734573364,683,record/683.png
104.61549139022827,684,record/684.png
104.76681900024414,685,record/685.png
104.87165808677673,686,record/686.png
105.00930571556091,687,record/687.png
105.13708806037903,688,record/688.png
105.27099871635437,689,record/689.png
105.40290331840515,690,record/690.png
105.54007339477539,691,record/691.png
105.67135286331177,692,record/692.png
105.80352592468262,693,record/693.png
105.93627047538757,694,record/694.png
106.07127475738525,695,record/695.png
106.20655703544617,696,record/696.png
106.37235879898071,697,record/697.png
106.53744006156921,698,record/698.png
106.66371273994446,699,record/699.png
106.76409125328064,700,record/700.png
106.8739082813263,701,record/701.png
106.99980115890503,702,record/702.png
107.12582325935364,703,record/703.png
107.22953987121582,704,record/704.png
107.3716824054718,705,record/705.png
107.51308751106262,706,record/706.png
107.6363537311554,707,record/707.png
107.7712140083313,708,record/708.png
107.90523338317871,709,record/709.png
108.03836297988892,710,record/710.png
108.17155599594116,711,record/711.png
108.34272837638855,712,record/712.png
108.47003960609436,713,record/713.png
108.60263347625732,714,record/714.png
108.73483753204346,715,record/715.png
108.87224221229553,716,record/716.png
109.00498938560486,717,record/717.png
109.20979309082031,718,record/718.png
109.36318707466125,719,record/719.png
109.4682674407959,720,record/720.png
109.86854481697083,721,record/721.png
110.31171822547913,722,record/722.png
111.1448769569397,723,record/723.png
111.40050554275513,724,record/724.png
111.50072455406189,725,record/725.png
111.6016914844513,726,record/726.png
111.70238852500916,727,record/727.png
111.80757021903992,728,record/728.png
111.93420743942261,729,record/729.png
112.07083296775818,730,record/730.png
112.22398686408997,731,record/731.png
112.33466053009033,732,record/732.png
112.43735837936401,733,record/733.png
112.56937623023987,734,record/734.png
112.69900965690613,735,record/735.png
112.84474325180054,736,record/736.png
112.9636709690094,737,record/737.png
113.06650114059448,738,record/738.png
113.16650438308716,739,record/739.png
113.26425743103027,740,record/740.png
113.36485362052917,741,record/741.png
113.46660852432251,742,record/742.png
113.57569909095764,743,record/743.png
113.72720646858215,744,record/744.png
113.86397933959961,745,record/745.png
113.98186612129211,746,record/746.png
114.09405326843262,747,record/747.png
114.20209646224976,748,record/748.png
114.30037045478821,749,record/749.png
114.4026026725769,750,record/750.png
114.50407695770264,751,record/751.png
114.63212490081787,752,record/752.png
114.77619528770447,753,record/753.png
114.9054913520813,754,record/754.png
115.04024410247803,755,record/755.png
115.17109847068787,756,record/756.png
115.30876040458679,757,record/757.png
115.43945455551147,758,record/758.png
115.57434868812561,759,record/759.png
115.70861864089966,760,record/760.png
115.86159157752991,761,record/761.png
116.00198721885681,762,record/762.png
116.13800191879272,763,record/763.png
116.27213430404663,764,record/764.png
116.43950319290161,765,record/765.png
116.57263612747192,766,record/766.png
116.70513916015625,767,record/767.png
116.83734560012817,768,record/768.png
116.96855664253235,769,record/769.png
117.0898859500885,770,record/770.png
117.1966724395752,771,record/771.png
117.37605023384094,772,record/772.png
117.49953269958496,773,record/773.png
117.6696548461914,774,record/774.png
117.80141878128052,775,record/775.png
117.93273425102234,776,record/776.png
118.03751850128174,777,record/777.png
118.20442342758179,778,record/778.png
118.33462309837341,779,record/779.png
118.43666911125183,780,record/780.png
118.57021594047546,781,record/781.png
118.70168709754944,782,record/782.png
118.79702186584473,783,record/783.png
118.89946937561035,784,record/784.png
119.01914286613464,785,record/785.png
119.12617874145508,786,record/786.png
119.23027086257935,787,record/787.png
119.32600688934326,788,record/788.png
119.42577838897705,789,record/789.png
119.52648949623108,790,record/790.png
120.38948726654053,791,record/791.png
120.54456615447998,792,record/792.png
120.69936728477478,793,record/793.png
120.9009108543396,794,record/794.png
121.01643013954163,795,record/795.png
121.12649393081665,796,record/796.png
121.32733035087585,797,record/797.png
121.46454048156738,798,record/798.png
121.7268877029419,799,record/799.png
121.8762755393982,800,record/800.png
121.99464440345764,801,record/801.png
122.2281584739685,802,record/802.png
122.42857313156128,803,record/803.png
122.53107619285583,804,record/804.png
122.6327440738678,805,record/805.png
122.75843572616577,806,record/806.png
122.86559629440308,807,record/807.png
122.96424889564514,808,record/808.png
123.06598544120789,809,record/809.png
123.16314458847046,810,record/810.png
123.25855088233948,811,record/811.png
123.36078405380249,812,record/812.png
123.46777200698853,813,record/813.png
123.6016092300415,814,record/814.png
123.7290530204773,815,record/815.png
123.8288631439209,816,record/816.png
123.92771577835083,817,record/817.png
124.02747893333435,818,record/818.png
124.12479496002197,819,record/819.png
124.2306158542633,820,record/820.png
124.32627630233765,821,record/821.png
124.46646547317505,822,record/822.png
124.56564044952393,823,record/823.png
124.66667008399963,824,record/824.png
124.7639787197113,825,record/825.png
124.87033891677856,826,record/826.png
124.99262189865112,827,record/827.png
125.09196496009827,828,record/828.png
125.20532512664795,829,record/829.png
125.36781859397888,830,record/830.png
125.4966413974762,831,record/831.png
125.62918472290039,832,record/832.png
125.73074626922607,833,record/833.png
125.83268189430237,834,record/834.png
125.92813324928284,835,record/835.png
126.03086185455322,836,record/836.png
126.13184452056885,837,record/837.png
126.25856351852417,838,record/838.png
126.3699939250946,839,record/839.png
126.49965143203735,840,record/840.png
126.633633852005,841,record/841.png
126.73763060569763,842,record/842.png
126.865651845932,843,record/843.png
126.96754121780396,844,record/844.png
127.09605145454407,845,record/845.png
127.19815611839294,846,record/846.png
127.3005039691925,847,record/847.png
127.39837074279785,848,record/848.png
127.54294276237488,849,record/849.png
127.66497468948364,850,record/850.png
127.76420140266418,851,record/851.png
127.89646887779236,852,record/852.png
128.03018617630005,853,record/853.png
128.16277694702148,854,record/854.png
128.2638816833496,855,record/855.png
128.3664255142212,856,record/856.png
128.461847782135,857,record/857.png
128.56047534942627,858,record/858.png
128.6603491306305,859,record/859.png
128.79581212997437,860,record/860.png
129.06585121154785,861,record/861.png
129.19541764259338,862,record/862.png
129.2891387939453,863,record/863.png
129.3885235786438,864,record/864.png
129.48825311660767,865,record/865.png
129.6286129951477,866,record/866.png
129.7232620716095,867,record/867.png
129.82210898399353,868,record/868.png
129.9210376739502,869,record/869.png
130.05591368675232,870,record/870.png
130.16290616989136,871,record/871.png
130.25745725631714,872,record/872.png
130.3590214252472,873,record/873.png
130.45780515670776,874,record/874.png
130.55321311950684,875,record/875.png
130.65517926216125,876,record/876.png
130.75313425064087,877,record/877.png
130.8729395866394,878,record/878.png
131.0218107700348,879,record/879.png
131.1677849292755,880,record/880.png
131.25332832336426,881,record/881.png
131.3590931892395,882,record/882.png
131.45518589019775,883,record/883.png
131.58387565612793,884,record/884.png
131.70382857322693,885,record/885.png
131.83960485458374,886,record/886.png
131.99900794029236,887,record/887.png
132.13087391853333,888,record/888.png
132.22896552085876,889,record/889.png
132.33579421043396,890,record/890.png
132.4700665473938,891,record/891.png
132.6339099407196,892,record/892.png
132.76988816261292,893,record/893.png
132.97162532806396,894,record/894.png
133.1293864250183,895,record/895.png
133.26601791381836,896,record/896.png
133.36754727363586,897,record/897.png
133.46514415740967,898,record/898.png
133.59449911117554,899,record/899.png
133.6966004371643,900,record/900.png
133.79577088356018,901,record/901.png
134.06359434127808,902,record/902.png
134.20506882667542,903,record/903.png
134.3248007297516,904,record/904.png
134.42696380615234,905,record/905.png
134.53132271766663,906,record/906.png
134.65998649597168,907,record/907.png
134.75842022895813,908,record/908.png
134.86598944664001,909,record/909.png
134.9905300140381,910,record/910.png
135.08942890167236,911,record/911.png
135.20281314849854,912,record/912.png
135.29143524169922,913,record/913.png
135.39094161987305,914,record/914.png
135.4917027950287,915,record/915.png
135.8815314769745,916,record/916.png
136.13490462303162,917,record/917.png
136.3250961303711,918,record/918.png
136.48989963531494,919,record/919.png
136.72294902801514,920,record/920.png
136.8865246772766,921,record/921.png
137.11675119400024,922,record/922.png
137.26950693130493,923,record/923.png
137.50015997886658,924,record/924.png
137.66561913490295,925,record/925.png
137.7588016986847,926,record/926.png
138.05761814117432,927,record/927.png
138.23574090003967,928,record/928.png
138.37758874893188,929,record/929.png
138.53922176361084,930,record/930.png
138.76732230186462,931,record/931.png
138.9686598777771,932,record/932.png
139.4570825099945,933,record/933.png
139.71102929115295,934,record/934.png
139.944194316864,935,record/935.png
140.18432688713074,936,record/936.png
140.31080603599548,937,record/937.png
140.42697739601135,938,record/938.png
140.72231006622314,939,record/939.png
140.83651185035706,940,record/940.png
141.06664323806763,941,record/941.png
141.1946256160736,942,record/942.png
141.3970808982849,943,record/943.png
141.56218767166138,944,record/944.png
141.7985875606537,945,record/945.png
142.0333149433136,946,record/946.png
142.2468285560608,947,record/947.png
142.40121030807495,948,record/948.png
142.60066413879395,949,record/949.png
142.81939554214478,950,record/950.png
142.9650797843933,951,record/951.png
143.06926321983337,952,record/952.png
143.46304655075073,953,record/953.png
143.63836216926575,954,record/954.png
143.85367107391357,955,record/955.png
143.99439907073975,956,record/956.png
144.09375524520874,957,record/957.png
144.33282136917114,958,record/958.png
144.56966733932495,959,record/959.png
144.80246758460999,960,record/960.png
144.90499567985535,961,record/961.png
145.14009499549866,962,record/962.png
145.30666661262512,963,record/963.png
145.54306530952454,964,record/964.png
145.76300358772278,965,record/965.png
145.9606397151947,966,record/966.png
146.12310194969177,967,record/967.png
146.36935663223267,968,record/968.png
146.49633502960205,969,record/969.png
146.73416376113892,970,record/970.png
146.95146250724792,971,record/971.png
147.20472288131714,972,record/972.png
147.44613766670227,973,record/973.png
147.5817277431488,974,record/974.png
147.75638222694397,975,record/975.png
147.99108576774597,976,record/976.png
148.20219802856445,977,record/977.png
148.40270853042603,978,record/978.png
148.54204964637756,979,record/979.png
148.77987337112427,980,record/980.png
148.98707723617554,981,record/981.png
149.13415122032166,982,record/982.png
149.26395511627197,983,record/983.png
149.37103033065796,984,record/984.png
149.50140142440796,985,record/985.png
149.6661627292633,986,record/986.png
149.80016160011292,987,record/987.png
149.93531012535095,988,record/988.png
150.0996015071869,989,record/989.png
150.20387387275696,990,record/990.png
150.33796525001526,991,record/991.png
150.46673393249512,992,record/992.png
150.73004603385925,993,record/993.png
151.00127744674683,994,record/994.png
151.1449716091156,995,record/995.png
151.26550483703613,996,record/996.png
151.35211563110352,997,record/997.png
151.44898748397827,998,record/998.png
151.55024313926697,999,record/999.png
151.65252900123596,1000,record/1000.png
151.75511002540588,1001,record/1001.png
151.85782480239868,1002,record/1002.png
151.96060419082642,1003,record/1003.png
152.0941014289856,1004,record/1004.png
152.2294921875,1005,record/1005.png
152.39852452278137,1006,record/1006.png
152.5092315673828,1007,record/1007.png
152.62914037704468,1008,record/1008.png
152.7313334941864,1009,record/1009.png
152.86441254615784,1010,record/1010.png
152.99627566337585,1011,record/1011.png
153.09682178497314,1012,record/1012.png
153.21054911613464,1013,record/1013.png
153.367760181427,1014,record/1014.png
153.4969573020935,1015,record/1015.png
153.66267657279968,1016,record/1016.png
153.79655694961548,1017,record/1017.png
153.92759919166565,1018,record/1018.png
154.0340645313263,1019,record/1019.png
154.16273975372314,1020,record/1020.png
154.26782321929932,1021,record/1021.png
154.4196970462799,1022,record/1022.png
154.53431177139282,1023,record/1023.png
154.76438403129578,1024,record/1024.png
154.98647093772888,1025,record/1025.png
155.23659992218018,1026,record/1026.png
155.4462902545929,1027,record/1027.png
155.58056092262268,1028,record/1028.png
155.7588140964508,1029,record/1029.png
155.9980788230896,1030,record/1030.png
156.2875576019287,1031,record/1031.png
156.5446696281433,1032,record/1032.png
156.83685970306396,1033,record/1033.png
156.9608452320099,1034,record/1034.png
157.06036925315857,1035,record/1035.png
157.18320322036743,1036,record/1036.png
157.2932300567627,1037,record/1037.png
157.39538598060608,1038,record/1038.png
157.49758553504944,1039,record/1039.png
157.62760663032532,1040,record/1040.png
157.7274968624115,1041,record/1041.png
157.8294506072998,1042,record/1042.png
157.92867803573608,1043,record/1043.png
158.06663036346436,1044,record/1044.png
158.19169235229492,1045,record/1045.png
158.2913453578949,1046,record/1046.png
158.38735342025757,1047,record/1047.png
158.48156714439392,1048,record/1048.png
158.58222246170044,1049,record/1049.png
158.68673491477966,1050,record/1050.png
158.78405499458313,1051,record/1051.png
158.91686940193176,1052,record/1052.png
159.06311464309692,1053,record/1053.png
159.1575927734375,1054,record/1054.png
159.25813913345337,1055,record/1055.png
159.39324617385864,1056,record/1056.png
159.48957467079163,1057,record/1057.png
159.62921142578125,1058,record/1058.png
159.7292604446411,1059,record/1059.png
159.85562014579773,1060,record/1060.png
159.95598077774048,1061,record/1061.png
160.05986309051514,1062,record/1062.png
160.1609287261963,1063,record/1063.png
160.25809526443481,1064,record/1064.png
160.36848139762878,1065,record/1065.png
160.4890468120575,1066,record/1066.png
160.6560435295105,1067,record/1067.png
160.93452143669128,1068,record/1068.png
161.02740359306335,1069,record/1069.png
161.12871623039246,1070,record/1070.png
161.22805976867676,1071,record/1071.png
161.32888317108154,1072,record/1072.png
161.42914605140686,1073,record/1073.png
161.53475546836853,1074,record/1074.png
161.6615436077118,1075,record/1075.png
161.8166265487671,1076,record/1076.png
161.92938113212585,1077,record/1077.png
162.03123426437378,1078,record/1078.png
162.12872409820557,1079,record/1079.png
162.23040199279785,1080,record/1080.png
162.36650896072388,1081,record/1081.png
162.49558544158936,1082,record/1082.png
162.66141033172607,1083,record/1083.png
162.7945659160614,1084,record/1084.png
162.89371538162231,1085,record/1085.png
162.99288320541382,1086,record/1086.png
163.0958399772644,1087,record/1087.png
163.1991741657257,1088,record/1088.png
163.32807874679565,1089,record/1089.png
163.46102690696716,1090,record/1090.png
163.63313102722168,1091,record/1091.png
163.76259207725525,1092,record/1092.png
163.86570119857788,1093,record/1093.png
163.99931645393372,1094,record/1094.png
164.13087248802185,1095,record/1095.png
164.26058101654053,1096,record/1096.png
164.36251974105835,1097,record/1097.png
164.49660277366638,1098,record/1098.png
164.6624846458435,1099,record/1099.png
164.8000452518463,1100,record/1100.png
164.93203258514404,1101,record/1101.png
165.02403211593628,1102,record/1102.png
165.11800074577332,1103,record/1103.png
165.21835017204285,1104,record/1104.png
165.3271677494049,1105,record/1105.png
165.42467546463013,1106,record/1106.png
165.56337141990662,1107,record/1107.png
165.69060945510864,1108,record/1108.png
165.92438220977783,1109,record/1109.png
166.03636860847473,1110,record/1110.png
166.16610383987427,1111,record/1111.png
166.3000659942627,1112,record/1112.png
166.43305921554565,1113,record/1113.png
166.56299018859863,1114,record/1114.png
166.70231652259827,1115,record/1115.png
166.829523563385,1116,record/1116.png
166.96150374412537,1117,record/1117.png
167.0643949508667,1118,record/1118.png
167.2338502407074,1119,record/1119.png
167.36513209342957,1120,record/1120.png
167.49948954582214,1121,record/1121.png
167.72650933265686,1122,record/1122.png
167.8225109577179,1123,record/1123.png
168.01136684417725,1124,record/1124.png
168.25785160064697,1125,record/1125.png
168.49071550369263,1126,record/1126.png
168.75358843803406,1127,record/1127.png
168.85754704475403,1128,record/1128.png
169.05531525611877,1129,record/1129.png
169.2524116039276,1130,record/1130.png
169.4764928817749,1131,record/1131.png
169.63583612442017,1132,record/1132.png
169.86360144615173,1133,record/1133.png
170.0423710346222,1134,record/1134.png
170.27215242385864,1135,record/1135.png
170.43889260292053,1136,record/1136.png
170.98277306556702,1137,record/1137.png
171.410968542099,1138,record/1138.png
171.5468966960907,1139,record/1139.png
171.71735763549805,1140,record/1140.png
171.87463450431824,1141,record/1141.png
172.11032128334045,1142,record/1142.png
172.35880422592163,1143,record/1143.png
172.48132157325745,1144,record/1144.png
172.7264006137848,1145,record/1145.png
172.88723182678223,1146,record/1146.png
173.15439367294312,1147,record/1147.png
173.37667989730835,1148,record/1148.png
173.55828261375427,1149,record/1149.png
173.69742631912231,1150,record/1150.png
173.86327648162842,1151,record/1151.png
173.99580192565918,1152,record/1152.png
174.12702107429504,1153,record/1153.png
174.22654843330383,1154,record/1154.png
174.32795691490173,1155,record/1155.png
174.42814803123474,1156,record/1156.png
174.56156420707703,1157,record/1157.png
174.6636724472046,1158,record/1158.png
174.7933578491211,1159,record/1159.png
174.92500805854797,1160,record/1160.png
175.06158566474915,1161,record/1161.png
175.1900246143341,1162,record/1162.png
175.29187965393066,1163,record/1163.png
175.3991208076477,1164,record/1164.png
175.52846670150757,1165,record/1165.png
175.66010999679565,1166,record/1166.png
175.76119327545166,1167,record/1167.png
175.86692690849304,1168,record/1168.png
176.02639269828796,1169,record/1169.png
176.16247177124023,1170,record/1170.png
176.29636526107788,1171,record/1171.png
176.43380188941956,1172,record/1172.png
176.55923175811768,1173,record/1173.png
176.66085624694824,1174,record/1174.png
176.75955653190613,1175,record/1175.png
176.88276743888855,1176,record/1176.png
177.00013852119446,1177,record/1177.png
177.18571615219116,1178,record/1178.png
177.30380725860596,1179,record/1179.png
177.4288628101349,1180,record/1180.png
177.54212617874146,1181,record/1181.png
177.6599645614624,1182,record/1182.png
177.77308320999146,1183,record/1183.png
178.02989745140076,1184,record/1184.png
178.17080926895142,1185,record/1185.png
178.29339003562927,1186,record/1186.png
178.43342518806458,1187,record/1187.png
178.57874083518982,1188,record/1188.png
178.7028295993805,1189,record/1189.png
178.87175965309143,1190,record/1190.png
179.0269913673401,1191,record/1191.png
179.17235612869263,1192,record/1192.png
179.33737874031067,1193,record/1193.png
179.50731348991394,1194,record/1194.png
179.660950422287,1195,record/1195.png
179.759503364563,1196,record/1196.png
179.86437606811523,1197,record/1197.png
179.99500584602356,1198,record/1198.png
180.09197902679443,1199,record/1199.png
180.19522285461426,1200,record/1200.png
180.32512712478638,1201,record/1201.png
180.4602916240692,1202,record/1202.png
180.56353378295898,1203,record/1203.png
180.6936149597168,1204,record/1204.png
180.8285677433014,1205,record/1205.png
180.95789742469788,1206,record/1206.png
181.070250749588,1207,record/1207.png
181.22796630859375,1208,record/1208.png
181.37259197235107,1209,record/1209.png
181.49393510818481,1210,record/1210.png
181.6252863407135,1211,record/1211.png
181.75942945480347,1212,record/1212.png
181.86240935325623,1213,record/1213.png
181.99946475028992,1214,record/1214.png
182.1649181842804,1215,record/1215.png
182.29191207885742,1216,record/1216.png
182.39498233795166,1217,record/1217.png
182.49850344657898,1218,record/1218.png
182.75511288642883,1219,record/1219.png
183.00739645957947,1220,record/1220.png
183.25624656677246,1221,record/1221.png
183.44438314437866,1222,record/1222.png
183.69748163223267,1223,record/1223.png
183.8287069797516,1224,record/1224.png
184.041405916214,1225,record/1225.png
184.27260541915894,1226,record/1226.png
184.46574592590332,1227,record/1227.png
184.79562783241272,1228,record/1228.png
185.03131914138794,1229,record/1229.png
185.2705054283142,1230,record/1230.png
185.53137397766113,1231,record/1231.png
185.85570812225342,1232,record/1232.png
186.07010889053345,1233,record/1233.png
186.29944348335266,1234,record/1234.png
186.5286099910736,1235,record/1235.png
186.74788904190063,1236,record/1236.png
186.897855758667,1237,record/1237.png
